tree
version=v4
num_class=1
num_tree_per_iteration=1
label_index=0
max_feature_idx=25
objective=poisson
feature_names=horizon_days target_weekday target_weekend target_day_of_month target_month target_holiday target_before_holiday target_after_holiday origin_last origin_lag7 mean7 mean14 mean28 std7 std28 min7 max7 recent_trend weekday_lag1 weekday_lag2 weekday_lag3 weekday_lag4 weekday_mean4 weekday_trend category area
feature_infos=[1:7] [0:6] [0:1] [1:31] [5:8] none none none [118:882] [117:882] [144.28571428571428:772.57142857142856] [150.14285714285714:766.21428571428567] [153.67857142857142:744.5] [6.9164105353772589:181.27462535037375] [14.671705032866104:133.52995918519559] [117:680] [156:882] [-252.57142857142861:137.57142857142856] [117:882] [117:882] [117:882] [117:882] [129.25:829.75] [-242:164.25] -1:0:1:2 none
tree_sizes=1521 1595 1600 1603 1605 1609 1598 1607 1596 1602 1607 1608 1613 1609 1604 1613 1637 1613 1637 1614 1739 1718 1738 1736 1620 1720 1747 1748 1516 1619 1513 1644 1515 1626 1542 1623 1614 1630 1520 1628 1536 1417 1310 1729 1622 1622 1307 1631 1413 1624 1728 1733 1739 1525 1633 1623 1739 1524 1527 1631 1632 1738 1746 1736 1525 1738 1631 1733 1740 1524 1644 1527 1643 1745 1536 1428 1644 1737 1539 1328 1429 1538 1321 1535 1440 1540 1434 1440 1522 1633 1637 1748 1743 1736 1749 1751 1754 1746 1743 1749 1748 1754 1748 1744 1744 1755 1749 1755 1754 1756 1533 1757 1540 1750 1216 1639 1757 1217 1540 1210

Tree=0
num_leaves=14
num_cat=0
split_feature=18 22 13 4 14 12 22 3 1 4 4 19 1
split_gain=95978.9 7611.38 3215.74 2645.7 1072.94 858.061 619.227 532.011 488.202 197.922 86.0765 35.7055 26.2749
threshold=346.50000000000006 560.00000000000011 56.241235306854108 6.5000000000000009 101.9123922061049 653.982142857143 720.00000000000011 19.500000000000004 3.5000000000000004 6.5000000000000009 6.5000000000000009 199.50000000000003 4.5000000000000009
decision_type=2 2 2 2 2 2 2 2 2 2 2 2 2
left_child=2 4 9 6 -2 -5 -3 -6 10 11 -4 -1 -11
right_child=1 3 8 5 7 -7 -8 -9 -10 12 -12 -13 -14
leaf_value=5.9414283129784051 5.9676677313214199 5.9740889363106611 5.947522172581218 5.9709411394630996 5.9567178002350936 5.964182574800728 5.9800896411645059 5.9628555888950583 5.9509711817444257 5.9404648321330447 5.9456303385568638 5.9428850345075483 5.9394685625714656
leaf_weight=73682.153076171875 44359.663513183594 78945.163818359375 89471.185485839844 224805.75238037109 101500.92529296875 59396.837585449219 94734.197204589844 54133.826782226562 68419.142333984375 231572.48071289062 184205.38238525391 99997.207946777344 94734.196655273438
leaf_count=89 59 95 116 299 132 79 115 63 85 308 245 121 126
internal_value=5.95464 5.96895 5.94346 5.9725 5.96081 5.96953 5.97736 5.95885 5.94719 5.9409 5.94625 5.94227 5.94018
internal_weight=1.49996e+06 657876 842082 457882 199994 284203 173679 155635 342096 499986 273677 173679 326307
internal_count=1932 842 1090 588 254 378 210 195 446 644 361 210 434
is_linear=0
shrinkage=1


Tree=1
num_leaves=14
num_cat=0
split_feature=21 22 13 4 12 3 22 1 14 4 4 19 1
split_gain=91083.8 6630.79 3152.06 2498.44 863.703 805.559 549.409 489.458 418.071 196.109 68.3374 35.2665 26.1253
threshold=357.50000000000006 560.00000000000011 49.734759153741038 6.5000000000000009 653.982142857143 19.500000000000004 720.00000000000011 3.5000000000000004 110.36062160117099 6.5000000000000009 6.5000000000000009 199.50000000000003 4.5000000000000009
decision_type=2 2 2 2 2 2 2 2 2 2 2 2 2
left_child=2 5 9 6 -5 8 -3 10 -2 11 -4 -1 -11
right_child=1 3 7 4 -6 -7 -8 -9 -10 12 -12 -13 -14
leaf_value=-0.01305394452087523 0.0074440858679966655 0.018599183825938528 -0.0071358850292331244 0.01557219721807844 0.0089922173156302184 0.0099021009202821461 0.024189271944703258 -0.0037129856924666988 0.0011619735764782106 -0.014019818913287574 -0.0088632725919766744 -0.011597141356758312 -0.015020545637804576
leaf_weight=72715.324584960938 40859.150390625 80495.855224609375 83659.47412109375 229999.32983398438 63712.083984375 79632.946044921875 97176.407836914062 73580.827697753906 75264.0029296875 228313.7978515625 182553.80065917969 98828.944519042969 93308.091064453125
leaf_count=89 54 95 108 301 84 96 115 92 98 308 245 121 126
internal_value=-2.34883e-06 0.0137644 -0.0110285 0.0169767 0.014145 0.00602898 0.0216572 -0.00732289 0.00337263 -0.0135817 -0.00832057 -0.012215 -0.0143104
internal_weight=1.5001e+06 667140 832960 471384 293711 195756 177672 339794 116123 493166 266213 171544 321622
internal_count=1932 843 1089 595 385 248 210 445 152 644 353 210 434
is_linear=0
shrinkage=0.05


Tree=2
num_leaves=14
num_cat=0
split_feature=18 22 13 4 14 11 21 3 1 4 4 19 1
split_gain=86388.5 6340.5 3093.81 2138.42 965.608 756.097 493.663 462.823 455.303 194.222 79.7217 34.8167 25.9645
threshold=346.50000000000006 560.00000000000011 56.241235306854108 6.5000000000000009 101.9123922061049 640.82142857142867 725.50000000000011 19.500000000000004 3.5000000000000004 6.5000000000000009 6.5000000000000009 199.50000000000003 4.5000000000000009
decision_type=2 2 2 2 2 2 2 2 2 2 2 2 2
left_child=2 4 9 6 -2 -5 -3 -6 10 11 -4 -1 -11
right_child=1 3 8 5 7 -7 -8 -9 -10 12 -12 -13 -14
leaf_value=-0.012899233405096841 0.012256092439796265 0.018121521911363209 -0.0068872787582055228 0.015116686947717978 0.0019728042343564794 0.0090147277434480845 0.023342204674682083 0.007662026730313104 -0.0035409194945608597 -0.013867208247500686 -0.0087211367837115219 -0.011442800922830421 -0.014872108655486885
leaf_weight=71772.271606445312 45286.6416015625 93259.97509765625 88337.613220214844 227183.13067626953 101910.85095214844 65412.312927246094 88302.739562988281 55061.6064453125 68018.474914550781 225135.216796875 180942.92266845703 97689.433898925781 91917.03076171875
leaf_count=89 59 109 116 293 132 85 101 63 85 308 245 121 126
internal_value=-4.50313e-06 0.0132366 -0.0108765 0.0163983 0.00582447 0.0137527 0.0206612 0.00396861 -0.00719641 -0.0134279 -0.00811968 -0.01206 -0.0141588
internal_weight=1.50023e+06 676417 823813 474158 202259 292595 181563 156972 337299 486514 269281 169462 317052
internal_count=1932 842 1090 588 254 378 210 195 446 644 361 210 434
is_linear=0
shrinkage=0.05


Tree=3
num_leaves=14
num_cat=0
split_feature=21 22 13 4 12 3 22 1 14 4 4 19 1
split_gain=82053.9 5541.03 3029.26 2029.11 739.734 708.092 456.706 451.844 373.065 192.265 63.9923 34.3563 25.7927
threshold=357.50000000000006 560.00000000000011 49.734759153741038 6.5000000000000009 653.982142857143 19.500000000000004 720.00000000000011 3.5000000000000004 110.36062160117099 6.5000000000000009 6.5000000000000009 199.50000000000003 4.5000000000000009
decision_type=2 2 2 2 2 2 2 2 2 2 2 2 2
left_child=2 5 9 6 -5 8 -3 10 -2 11 -4 -1 -11
right_child=1 3 7 4 -6 -7 -8 -9 -10 12 -12 -13 -14
leaf_value=-0.012744358191742281 0.0070127970117721738 0.016989702978378662 -0.0068960955542466361 0.014379675648775027 0.0083549601858907193 0.0092816938621511254 0.021981670732402314 -0.0036058442249718272 0.0011064481725177829 -0.013714139822188512 -0.0085800448625089395 -0.011288750011177533 -0.014722926071747909
leaf_weight=70852.41455078125 41412.639953613281 83594.079895019531 82540.773315429688 236994.80780029297 64935.682250976562 81081.39208984375 101759.47589111328 73209.346008300781 75425.146789550781 222034.763671875 179371.76147460938 96577.968139648438 90560.146728515625
leaf_count=89 54 95 108 301 84 96 115 92 98 308 245 121 126
internal_value=-6.49131e-06 0.012747 -0.010727 0.0156126 0.0130841 0.00569174 0.0197308 -0.00707882 0.00320014 -0.0132737 -0.0080495 -0.0119051 -0.0140066
internal_weight=1.50035e+06 685203 815147 487284 301930 197919 185354 335122 116838 480025 261913 167430 312595
internal_count=1932 843 1089 595 385 248 210 445 152 644 353 210 434
is_linear=0
shrinkage=0.05


Tree=4
num_leaves=14
num_cat=0
split_feature=18 22 13 4 14 11 1 21 3 4 4 19 1
split_gain=77874.5 5311.41 2971.45 1744.7 871.002 653.986 424.208 413.581 403.164 190.238 73.683 33.8861 25.6104
threshold=346.50000000000006 560.00000000000011 56.241235306854108 6.5000000000000009 101.9123922061049 640.82142857142867 3.5000000000000004 748.00000000000011 19.500000000000004 6.5000000000000009 6.5000000000000009 199.50000000000003 4.5000000000000009
decision_type=2 2 2 2 2 2 2 2 2 2 2 2 2
left_child=2 4 9 7 -2 -5 10 -3 -6 11 -4 -1 -11
right_child=1 3 6 5 8 -7 -8 -9 -10 12 -12 -13 -14
leaf_value=-0.012589369649879695 0.011542133585885865 0.016960603931279031 -0.0066646214430855048 0.013974517553129791 0.0018707858318733951 0.0083605944798988696 -0.003419053540535886 0.021744465614034619 0.0071498873978363582 -0.013560658470289208 -0.0084400296984196935 -0.011135036634645044 -0.014573039304062986
leaf_weight=69955.17431640625 46175.702758789062 114002.73449707031 87254.733764648438 233870.30023193359 102300.26275634766 66701.610107421875 67631.290405273438 75044.804321289062 55943.486694335938 219010.53979492188 177839.33013916016 95493.853210449219 89236.600708007812
leaf_count=89 59 130 116 293 132 85 85 80 63 308 245 121 126
internal_value=-8.31132e-06 0.0122701 -0.0105756 0.0150964 0.00550052 0.0127289 -0.00695403 0.0188601 0.00373726 -0.0131194 -0.0078558 -0.0117503 -0.013854
internal_weight=1.50046e+06 694039 806422 489619 204419 300572 332725 189048 158244 473696 265094 165449 308247
internal_count=1932 842 1090 588 254 378 446 210 195 644 361 210 434
is_linear=0
shrinkage=0.05


Tree=5
num_leaves=14
num_cat=0
split_feature=21 22 13 4 12 3 1 22 14 4 4 19 1
split_gain=74024.2 4655.03 2906.26 1662.24 636.768 623.757 416.504 384.461 333.178 188.145 59.8319 33.4067 25.4174
threshold=357.50000000000006 560.00000000000011 49.734759153741038 6.5000000000000009 653.982142857143 19.500000000000004 3.5000000000000004 720.00000000000011 110.36062160117099 6.5000000000000009 6.5000000000000009 199.50000000000003 4.5000000000000009
decision_type=2 2 2 2 2 2 2 2 2 2 2 2 2
left_child=2 5 9 7 -5 8 10 -3 -2 11 -4 -1 -11
right_child=1 3 6 4 -6 -7 -8 -9 -10 12 -12 -13 -14
leaf_value=-0.012434314949249126 0.006610858603525129 0.015567911700677943 -0.0066611668688230461 0.013308948811927734 0.0077743136908329253 0.0087101793957307938 -0.0035010707580481514 0.020062131446132003 0.0010539751723981196 -0.013406811275629397 -0.0083011229495480558 -0.010981707271408306 -0.014422488555772689
leaf_weight=69079.999755859375 41942.133361816406 86536.374267578125 81473.380981445312 243648.55700683594 66092.230407714844 82463.110107421875 72849.685485839844 106110.88745117188 75578.067565917969 216060.66528320312 176344.67163085938 94436.420776367188 87945.585205078125
leaf_count=89 54 95 108 301 84 96 92 115 98 308 245 121 126
internal_value=-9.98785e-06 0.0118286 -0.0104274 0.0143967 0.0121281 0.00537672 -0.00683973 0.0180438 0.00303738 -0.0129647 -0.00778302 -0.0115957 -0.0137009
internal_weight=1.50056e+06 702371 798190 502388 309741 199983 330668 192647 117520 467523 257818 163516 304006
internal_count=1932 843 1089 595 385 248 445 210 152 644 353 210 434
is_linear=0
shrinkage=0.05


Tree=6
num_leaves=14
num_cat=0
split_feature=21 22 13 4 12 3 1 21 14 4 4 19 1
split_gain=70296 4286.44 2849.7 1510.3 585.374 582.926 403.427 351.997 313.403 185.988 58.226 32.9185 25.2141
threshold=357.50000000000006 560.00000000000011 49.734759153741038 6.5000000000000009 653.982142857143 19.500000000000004 3.5000000000000004 725.50000000000011 110.36062160117099 6.5000000000000009 6.5000000000000009 199.50000000000003 4.5000000000000009
decision_type=2 2 2 2 2 2 2 2 2 2 2 2 2
left_child=2 5 9 7 -5 8 10 -3 -2 11 -4 -1 -11
right_child=1 3 6 4 -6 -7 -8 -9 -10 12 -12 -13 -14
leaf_value=-0.012279241022685345 0.0064037221463463245 0.015199428364352086 -0.0065397494226346158 0.012804742536385248 0.0075218451310350007 0.0084193306208680454 -0.003426273563756846 0.019439915024852563 0.0010267110692932303 -0.013252645879975017 -0.008163353634860945 -0.010828807562999924 -0.014271318268043402
leaf_weight=68226.357177734375 42220.326049804688 100068.31604003906 80932.479858398438 246912.93121337891 66608.052490234375 83184.518615722656 72595.078247070312 96086.988708496094 75657.766418457031 213183.2978515625 174886.87377929688 93405.021484375 86686.292724609375
leaf_count=89 54 109 108 301 84 96 92 101 98 308 245 121 126
internal_value=-1.15184e-05 0.011397 -0.0102765 0.0138358 0.0116825 0.00521458 -0.0067163 0.0172771 0.00295278 -0.0128099 -0.00764984 -0.0114414 -0.0135474
internal_weight=1.50065e+06 710739 789915 509676 313521 201063 328414 196155 117878 461501 255819 161631 299870
internal_count=1932 843 1089 595 385 248 445 210 152 644 353 210 434
is_linear=0
shrinkage=0.05


Tree=7
num_leaves=14
num_cat=0
split_feature=18 22 13 4 14 11 1 3 20 4 4 19 1
split_gain=66852.9 4097.53 2783.53 1304.78 765.008 539.535 379.249 336.909 336.614 183.77 64.3116 32.4223 25.001
threshold=346.50000000000006 560.00000000000011 56.241235306854108 6.5000000000000009 101.9123922061049 640.82142857142867 3.5000000000000004 13.500000000000002 681.00000000000011 6.5000000000000009 6.5000000000000009 199.50000000000003 4.5000000000000009
decision_type=2 2 2 2 2 2 2 2 2 2 2 2 2
left_child=2 4 9 8 -2 -5 10 -6 -3 11 -4 -1 -11
right_child=1 3 6 5 7 -7 -8 -9 -10 12 -12 -13 -14
leaf_value=-0.012124198015072288 0.010649928942846582 0.012892703254314814 -0.0063516440415414838 0.012482044786316196 0.00083642582687381152 0.0074592081880578663 -0.0032552218724274692 0.0054557564443998251 0.017708447263891928 -0.013098206543319241 -0.0080267509035327027 -0.010676383687076962 -0.014119571942754948
leaf_weight=67393.710083007812 47337.021118164062 47782.702819824219 85776.710571289062 243225.43572998047 70726.816772460938 68563.836669921875 67117.666320800781 89324.964721679688 151791.39385986328 210376.7080078125 173465.0244140625 92399.013793945312 85457.946533203125
leaf_count=89 59 51 116 293 90 85 85 105 159 308 245 121 126
internal_value=-1.29182e-05 0.0109945 -0.0101303 0.0133987 0.00506627 0.0113776 -0.00660536 0.00341457 0.0165558 -0.012655 -0.00747263 -0.0112874 -0.0133935
internal_weight=1.50074e+06 718752 781987 511363 207389 311789 326359 160052 199574 455627 259242 159793 295835
internal_count=1932 842 1090 588 254 378 446 195 210 644 361 210 434
is_linear=0
shrinkage=0.05


Tree=8
num_leaves=14
num_cat=0
split_feature=21 22 13 4 3 12 1 22 14 4 4 22 1
split_gain=63521.9 3629.25 2727.91 1251.17 522.191 506.92 371.642 307.31 280.394 181.494 54.417 32.0636 24.7778
threshold=357.50000000000006 560.00000000000011 49.734759153741038 6.5000000000000009 19.500000000000004 653.982142857143 3.5000000000000004 720.00000000000011 110.36062160117099 6.5000000000000009 6.5000000000000009 206.37500000000003 4.5000000000000009
decision_type=2 2 2 2 2 2 2 2 2 2 2 2 2
left_child=2 4 9 7 8 -5 10 -3 -2 11 -4 -1 -11
right_child=1 3 6 5 -6 -7 -8 -9 -10 12 -12 -13 -14
leaf_value=-0.011748817299719452 0.0060265083404281421 0.01371001159253624 -0.0063110200702964532 0.011886804649574112 0.0079330788353171675 0.0070139754527713512 -0.003322020979745933 0.01762684366652869 0.0009625569364760247 -0.012943544285597894 -0.007891342303726772 -0.010302729131181663 -0.013967291117198966
leaf_weight=90750.132446289062 42736.534423828125 90708.35888671875 79932.775268554688 253086.11962890625 84419.198425292969 67670.467956542969 72243.161010742188 112197.70947265625 75845.965454101562 207639.10986328125 172078.24127197266 67249.19140625 84259.800659179688
leaf_count=118 54 95 108 301 96 84 92 115 98 308 245 92 126
internal_value=-1.42049e-05 0.0106031 -0.00998019 0.0128031 0.00492761 0.0108589 -0.00648391 0.0158762 0.00278776 -0.0125 -0.00739023 -0.0111337 -0.0132393
internal_weight=1.50082e+06 726664 774152 523663 203002 320757 324254 202906 118582 449898 252011 157999 291899
internal_count=1932 843 1089 595 248 385 445 210 152 644 353 210 434
is_linear=0
shrinkage=0.05


Tree=9
num_leaves=14
num_cat=0
split_feature=18 22 13 4 14 11 1 3 20 4 4 19 1
split_gain=60443.8 3471.91 2662.07 1084.98 693.68 472.495 352.425 303.848 288.924 179.162 59.0886 31.8549 24.5452
threshold=346.50000000000006 560.00000000000011 56.241235306854108 6.5000000000000009 101.9123922061049 640.82142857142867 3.5000000000000004 11.500000000000002 681.00000000000011 6.5000000000000009 6.5000000000000009 199.50000000000003 4.5000000000000009
decision_type=2 2 2 2 2 2 2 2 2 2 2 2 2
left_child=2 4 9 8 -2 -5 10 -6 -3 11 -4 -1 -11
right_child=1 3 6 5 7 -7 -8 -9 -10 12 -12 -13 -14
leaf_value=-0.011819952741798579 0.010058465807191504 0.011884238879866435 -0.006141137039577989 0.011597925065498317 0.00040759724558511989 0.0069394497318186928 -0.0031408166227973287 0.0048952610196781468 0.016282052907656313 -0.012788704457250661 -0.0077571545186298496 -0.010368650577605524 -0.01381452336050105
leaf_weight=65817.4765625 48139.625244140625 49095.358825683594 84810.452087402344 249128.85345458984 60217.179626464844 69685.67138671875 66763.597534179688 100952.77355957031 157058.10809326172 204968.84912109375 170725.65704345703 90432.587036132812 83091.101440429688
leaf_count=89 59 51 116 293 76 85 85 119 159 308 245 121 126
internal_value=-1.53706e-05 0.0102371 -0.00983541 0.012408 0.00479194 0.0105798 -0.00637582 0.00321862 0.015235 -0.0123449 -0.00722094 -0.0109803 -0.0130848
internal_weight=1.50089e+06 734278 766610 524968 209310 318815 322300 161170 206153 444310 255536 156250 288060
internal_count=1932 842 1090 588 254 378 446 195 210 644 361 210 434
is_linear=0
shrinkage=0.05


Tree=10
num_leaves=14
num_cat=0
split_feature=18 22 13 4 14 3 1 3 21 4 4 3 1
split_gain=57458.6 3210.69 2605.85 992.255 647.623 454.773 340.88 286.456 277.276 176.777 57.408 32.0439 24.3033
threshold=346.50000000000006 560.00000000000011 56.241235306854108 6.5000000000000009 101.9123922061049 6.5000000000000009 3.5000000000000004 11.500000000000002 725.50000000000011 6.5000000000000009 6.5000000000000009 18.500000000000004 4.5000000000000009
decision_type=2 2 2 2 2 2 2 2 2 2 2 2 2
left_child=2 4 9 8 -2 -5 10 -6 -3 11 -4 -1 -11
right_child=1 3 6 5 7 -7 -8 -9 -10 12 -12 -13 -14
leaf_value=-0.010167423398833871 0.0097093433704818193 0.012836834588144663 -0.0060260245001084638 0.0062143364940072526 0.00039731373586095528 0.011091108637749784 -0.0030725952386842473 0.0047501143721900311 0.01647961402768883 -0.012633736262570883 -0.0076242125438062518 -0.011618580740885431 -0.013661313928456244
leaf_weight=84290.428771972656 48626.280639648438 106345.38354492188 84291.212829589844 58412.5947265625 60241.729858398438 263793.39013671875 66554.235717773438 101448.17810058594 102973.18933105469 202364.25268554688 169406.43432617188 70253.436767578125 81951.1259765625
leaf_count=120 59 109 116 70 76 308 85 119 101 308 245 90 126
internal_value=-1.64382e-05 0.00987957 -0.0096873 0.0119487 0.00465017 0.0102071 -0.00625782 0.00312843 0.0146292 -0.0121898 -0.00709334 -0.0108275 -0.0129302
internal_weight=1.50095e+06 741841 759111 531525 210316 322206 320252 161690 209319 438859 253698 154544 284315
internal_count=1932 842 1090 588 254 378 446 195 210 644 361 210 434
is_linear=0
shrinkage=0.05


Tree=11
num_leaves=14
num_cat=0
split_feature=21 22 13 4 3 12 1 21 14 4 4 19 1
split_gain=54692.5 2843.03 2543.32 953.735 452.793 419.035 325.009 255.259 241.864 174.343 48.7894 31.7211 24.0785
threshold=357.50000000000006 560.00000000000011 49.734759153741038 6.5000000000000009 19.500000000000004 653.982142857143 3.5000000000000004 748.00000000000011 110.36062160117099 6.5000000000000009 6.5000000000000009 199.50000000000003 3.5000000000000004
decision_type=2 2 2 2 2 2 2 2 2 2 2 2 2
left_child=2 4 9 7 8 -5 10 -3 -2 11 -4 -1 -11
right_child=1 3 6 5 -6 -7 -8 -9 -10 12 -12 -13 -14
leaf_value=-0.011522498790965207 0.0055259343991739297 0.012635621166851416 -0.0059815512490231188 0.010677614894043735 0.0073045477747296101 0.0063021036052833606 -0.0031888196973372108 0.016174483698678365 0.00085092522279588438 -0.012367096707190984 -0.0074925402732748669 -0.010058490501749486 -0.013307891967168721
leaf_weight=64346.11279296875 43441.364501953125 127163.896484375 78535.417846679688 261705.16424560547 86070.518432617188 69217.983764648438 71798.460266113281 85239.6279296875 76175.692504882812 158950.67352294922 168119.75067138672 88533.557067871094 121712.21246337891
leaf_count=89 54 130 108 301 96 84 92 80 98 245 245 121 189
internal_value=-1.74067e-05 0.0095458 -0.00954269 0.0114411 0.00453905 0.00976251 -0.00614976 0.0140561 0.00254891 -0.0120348 -0.00701157 -0.010675 -0.0127753
internal_weight=1.50101e+06 749014 751996 543327 205688 330923 318454 212404 119617 433543 246655 152880 280663
internal_count=1932 843 1089 595 248 385 445 210 152 644 353 210 434
is_linear=0
shrinkage=0.05


Tree=12
num_leaves=14
num_cat=0
split_feature=18 22 13 4 14 3 1 3 20 4 4 3 1
split_gain=52017.3 2736.35 2486.11 832.756 588.535 404.333 316.432 257.463 244.147 171.862 52.6082 31.8863 23.9508
threshold=346.50000000000006 560.00000000000011 56.241235306854108 6.5000000000000009 101.9123922061049 6.5000000000000009 3.5000000000000004 11.500000000000002 681.00000000000011 6.5000000000000009 6.5000000000000009 18.500000000000004 4.5000000000000009
decision_type=2 2 2 2 2 2 2 2 2 2 2 2 2
left_child=2 4 9 8 -2 -5 10 -6 -3 11 -4 -1 -11
right_child=1 3 6 5 7 -7 -8 -9 -10 12 -12 -13 -14
leaf_value=-0.0098582146791112608 0.0091825066657000489 0.010489936282771206 -0.0058228562816675135 0.0057727515490676833 0.00035951099085887732 0.010335423976795096 -0.002962174198820838 0.0044771129540519426 0.014451690183298463 -0.012322597219453824 -0.0073621602466156649 -0.011321267787221529 -0.013356044469495143
leaf_weight=82549.407287597656 49379.5712890625 51033.702392578125 83390.131103515625 59255.557189941406 60332.146179199219 269462.37664794922 66218.134643554688 102393.25573730469 164376.73138427734 197329.72955322266 166864.81353759766 68707.035522460938 79770.504638671875
leaf_count=120 59 51 116 70 76 308 85 119 159 308 245 90 126
internal_value=-1.82773e-05 0.00921899 -0.00939697 0.0110968 0.00440156 0.00951304 -0.00603607 0.00295053 0.0135134 -0.0118799 -0.00684936 -0.0105231 -0.0126203
internal_weight=1.50106e+06 756233 744830 544128 212105 328718 316473 162725 215410 428357 250255 151256 277100
internal_count=1932 842 1090 588 254 378 446 195 210 644 361 210 434
is_linear=0
shrinkage=0.05


Tree=13
num_leaves=14
num_cat=0
split_feature=21 22 13 4 3 11 1 21 14 4 4 19 1
split_gain=49530.7 2430.78 2424.59 801.957 408.797 374.13 298.355 224.74 218.258 169.337 45.4567 31.5495 23.6946
threshold=357.50000000000006 560.00000000000011 49.734759153741038 6.5000000000000009 19.500000000000004 640.82142857142867 3.5000000000000004 725.50000000000011 110.36062160117099 6.5000000000000009 6.5000000000000009 199.50000000000003 3.5000000000000004
decision_type=2 2 2 2 2 2 2 2 2 2 2 2 2
left_child=2 4 9 7 8 -5 10 -3 -2 11 -4 -1 -11
right_child=1 3 6 5 -6 -7 -8 -9 -10 12 -12 -13 -14
leaf_value=-0.011226437301527349 0.0052136292740802247 0.011412848113597815 -0.0057654803278045169 0.0099818739977943251 0.0069014174117590895 0.0059314374669687288 -0.0030900058537173081 0.014623710600167126 0.00078913159015107882 -0.01205558881052431 -0.0072330937489375469 -0.0097509425456363819 -0.013000674814602342
leaf_weight=62945.5244140625 43893.003479003906 110523.98931884766 77645.231689453125 264591.97265625 87164.086059570312 72704.512084960938 71472.084838867188 107817.3759765625 76359.444641113281 155074.29321289062 165640.84533691406 86727.666625976562 118550.91906738281
leaf_count=89 54 109 108 299 96 86 92 101 98 245 245 121 189
internal_value=-1.90677e-05 0.0089133 -0.00925397 0.0106375 0.00429425 0.0091089 -0.00593045 0.0129987 0.00240425 -0.0117252 -0.00676483 -0.0103718 -0.0124653
internal_weight=1.50111e+06 763054 738057 555638 207417 337296 314758 218341 120252 423298 243286 149673 273625
internal_count=1932 843 1089 595 248 385 445 210 152 644 353 210 434
is_linear=0
shrinkage=0.05


Tree=14
num_leaves=14
num_cat=0
split_feature=18 13 22 4 14 3 1 3 20 4 4 3 1
split_gain=47130.1 2367.41 2340.5 702.159 535.657 361.594 292.87 231.575 216.007 166.772 48.1052 31.691 23.563
threshold=346.50000000000006 56.241235306854108 560.00000000000011 6.5000000000000009 101.9123922061049 6.5000000000000009 3.5000000000000004 11.500000000000002 681.00000000000011 6.5000000000000009 6.5000000000000009 18.500000000000004 4.5000000000000009
decision_type=2 2 2 2 2 2 2 2 2 2 2 2 2
left_child=1 9 4 8 -2 -5 10 -6 -4 11 -3 -1 -11
right_child=2 6 3 5 7 -7 -8 -9 -10 12 -12 -13 -14
leaf_value=-0.0095518406783349375 0.0086918845781465606 -0.00562468892145638 0.0096968016979088884 0.0053641559411183445 0.00032467942333433398 0.0096475895770898549 -0.0028588835001824011 0.0042217680291262733 0.013378916481930831 -0.012011494313047273 -0.0071053616192601797 -0.011025559055429852 -0.013049647472544236
leaf_weight=80893.860534667969 50102.372802734375 82529.6015625 52206.167114257812 60057.505065917969 60415.695983886719 274838.423828125 65906.796752929688 103293.28747558594 168992.08728027344 192540.16284179688 164447.06848144531 67235.060668945312 77695.480590820312
leaf_count=120 59 116 51 70 76 308 85 119 159 308 245 90 126
internal_value=-1.97725e-05 -0.00911035 0.00861436 0.0103238 0.00416828 0.00887953 -0.00582047 0.00278363 0.0125101 -0.0115707 -0.0066107 -0.0102211 -0.0123102
internal_weight=1.50115e+06 731248 769906 556094 213811 334896 312883 163709 221198 418365 246977 148129 270236
internal_count=1932 1090 842 588 254 378 446 195 210 644 361 210 434
is_linear=0
shrinkage=0.05


Tree=15
num_leaves=14
num_cat=0
split_feature=21 13 22 4 3 1 1 22 14 4 4 22 1
split_gain=44886.5 2307.63 2085.17 677.704 369.566 350.112 273.497 202.964 197.09 164.169 42.3007 31.4518 23.2764
threshold=357.50000000000006 49.734759153741038 560.00000000000011 6.5000000000000009 19.500000000000004 1.5000000000000002 3.5000000000000004 720.00000000000011 110.36062160117099 6.5000000000000009 6.5000000000000009 206.37500000000003 3.5000000000000004
decision_type=2 2 2 2 2 2 2 2 2 2 2 2 2
left_child=1 9 4 7 8 -5 10 -4 -2 11 -3 -1 -11
right_child=2 6 3 5 -6 -7 -8 -9 -10 12 -12 -13 -14
leaf_value=-0.010704648813468977 0.0049213411605155046 -0.0055546667114449713 0.010358633539165999 0.010888004524160645 0.0065250522233933133 0.0074375638125730925 -0.0029937486134035893 0.013390342674680531 0.00073160924737473423 -0.011744444856709788 -0.0069789824426425536 -0.00921938205878918 -0.012692736937385341
leaf_weight=84041.021362304688 44324.284606933594 76795.93701171875 99348.112854003906 106710.52697753906 88210.431579589844 236644.54388427734 71156.991638183594 124634.95935058594 76531.297485351562 151386.65740966797 163282.75024414062 62581.660400390625 115542.82672119141
leaf_count=118 54 108 95 119 96 266 92 115 98 245 245 92 189
internal_value=-2.04075e-05 -0.00896884 0.00833312 0.00990609 0.00406448 0.00851006 -0.00571656 0.0120459 0.00226835 -0.0114164 -0.0065235 -0.010071 -0.0121552
internal_weight=1.50119e+06 724788 776404 567338 209066 343355 311236 223983 120856 413552 240079 146623 266929
internal_count=1932 1089 843 595 248 385 445 210 152 644 353 210 434
is_linear=0
shrinkage=0.05


Tree=16
num_leaves=14
num_cat=1
split_feature=18 13 24 4 3 1 1 21 4 20 4 19 1
split_gain=42726.2 2251.07 2018.24 690.566 439.252 341.032 271.187 189.955 161.532 133.303 43.8913 31.2118 23.1418
threshold=346.50000000000006 56.241235306854108 0 6.5000000000000009 19.500000000000004 1.5000000000000002 3.5000000000000004 748.00000000000011 6.5000000000000009 453.50000000000006 6.5000000000000009 199.50000000000003 4.5000000000000009
decision_type=2 2 1 2 2 2 2 2 2 2 2 2 2
left_child=1 8 3 7 9 -5 10 -2 11 -4 -3 -1 -10
right_child=2 6 4 5 -6 -7 -8 -9 12 -11 -12 -13 -14
leaf_value=-0.010785546157577031 0.010412434501473174 -0.0054315480549613562 -0.00099349409022000024 0.010501241888508176 0.0061464892450378231 0.0071815052863234185 -0.0027556752529071375 0.013364410380687279 -0.011700817319284738 0.0027282455592864065 -0.0068539736669012688 -0.0092954238926090723 -0.01274249516256145
leaf_weight=60969.247436523438 135186.21759033203 81707.808532714844 42902.289184570312 107878.74011230469 76847.089965820312 273818.55126953125 65598.616760253906 91511.444274902344 187983.69219970703 54769.785766601562 162147.1728515625 84184.29052734375 75720.939697265625
leaf_count=89 130 116 53 119 82 308 85 80 308 70 245 121 126
internal_value=-2.09678e-05 -0.00882726 0.00805868 0.00941833 0.00331863 0.00811988 -0.00560978 0.0116043 -0.0112624 0.00109351 -0.00637749 -0.00992167 -0.0120002
internal_weight=1.50123e+06 718312 782914 608395 174519 381697 309454 226698 408858 97672.1 243855 145154 263705
internal_count=1932 1090 842 637 205 427 446 210 644 123 361 210 434
cat_boundaries=0 1
cat_threshold=2
is_linear=0
shrinkage=0.05


Tree=17
num_leaves=14
num_cat=0
split_feature=21 13 22 4 3 11 1 14 22 14 4 19 1
split_gain=40701.9 2192.7 1797.05 574.527 328.398 327.013 249.94 179.311 177.44 159.347 39.4114 29.4202 28.7091
threshold=357.50000000000006 49.734759153741038 560.00000000000011 6.5000000000000009 19.500000000000004 640.82142857142867 3.5000000000000004 110.36062160117099 720.00000000000011 28.528408153141772 6.5000000000000009 199.50000000000003 4.5000000000000009
decision_type=2 2 2 2 2 2 2 2 2 2 2 2 2
left_child=1 9 4 8 7 -5 10 -2 -4 12 -3 -11 -1
right_child=2 6 3 5 -6 -7 -8 -9 -10 11 -12 -13 -14
leaf_value=-0.011410026722052855 0.0046690532310130718 -0.0053474803197434348 0.0096214684207157446 0.0087619762170168727 0.0061473789962729689 0.0050333845565981783 -0.0029024452056451719 0.00068485328905424302 0.01242350349962598 -0.010368403304331798 -0.0067303521954827292 -0.0087491141252104936 -0.012510949890765767
leaf_weight=207017.81427001953 44703.415832519531 75979.173583984375 101474.03668212891 274201.06243896484 89285.970764160156 74891.08935546875 70860.674987792969 76671.553649902344 127869.80139160156 53564.928283691406 161039.61853027344 59643.164367675781 84053.825012207031
leaf_count=342 54 108 95 299 96 86 92 98 115 78 245 83 141
internal_value=-2.1467e-05 -0.00868759 0.0077997 0.00923966 0.00384573 0.00796216 -0.00550822 0.0021524 0.011184 -0.0111087 -0.00628718 -0.00951571 -0.0117282
internal_weight=1.50126e+06 712159 789097 578436 210661 349092 307879 121375 229344 404280 237019 113208 291072
internal_count=1932 1089 843 595 248 385 445 152 210 644 353 161 483
is_linear=0
shrinkage=0.05


Tree=18
num_leaves=14
num_cat=1
split_feature=18 13 24 4 3 1 1 21 4 20 19 3 1
split_gain=38756.8 2136.7 1753.93 584.584 391.95 307.683 250.593 166.968 156.887 124.084 41.3122 31.0865 22.6442
threshold=346.50000000000006 56.241235306854108 0 6.5000000000000009 19.500000000000004 1.5000000000000002 3.5000000000000004 725.50000000000011 6.5000000000000009 453.50000000000006 243.50000000000003 18.500000000000004 3.5000000000000004
decision_type=2 2 1 2 2 2 2 2 2 2 2 2 2
left_child=1 8 3 7 9 -5 10 -2 11 -4 -3 -1 -10
right_child=2 6 4 5 -6 -7 -8 -9 12 -11 -12 -13 -14
leaf_value=-0.0089468446770378709 0.0094509548352673146 -0.0052848745220928266 -0.00098387349653553612 0.0098491583727561074 0.0057874110155355409 0.006723301480481652 -0.002657582122893444 0.012135989998930055 -0.011280344692452897 0.0026036935427173466 -0.0066463480726022877 -0.010435807646105669 -0.012232459418579561
leaf_weight=77812.248107910156 116849.6787109375 87875.477600097656 42884.978576660156 109907.35797119141 77748.425109863281 277794.99700927734 65308.368957519531 115073.70281982422 146200.92376708984 55018.476806640625 153006.97430419922 64479.994506835938 111320.79620361328
leaf_count=120 109 132 53 119 82 308 85 101 245 70 229 90 189
internal_value=-2.19015e-05 -0.00854832 0.0075474 0.00879759 0.00313712 0.00760955 -0.00540498 0.0107834 -0.0109555 0.00103225 -0.00614979 -0.00962191 -0.0116922
internal_weight=1.50128e+06 706005 795278 619626 175652 387702 306191 231923 399814 97903.5 240882 142292 257522
internal_count=1932 1090 842 637 205 427 446 210 644 123 361 210 434
cat_boundaries=0 1
cat_threshold=2
is_linear=0
shrinkage=0.05


Tree=19
num_leaves=14
num_cat=0
split_feature=21 13 22 4 1 3 1 14 22 4 4 19 3
split_gain=36927.6 2079.89 1552.03 489.173 308.86 291.956 228.185 163.112 155.384 154.153 38.5001 30.6392 22.5413
threshold=357.50000000000006 49.734759153741038 560.00000000000011 6.5000000000000009 4.5000000000000009 19.500000000000004 3.5000000000000004 110.36062160117099 720.00000000000011 6.5000000000000009 6.5000000000000009 199.50000000000003 5.5000000000000009
decision_type=2 2 2 2 2 2 2 2 2 2 2 2 2
left_child=1 9 5 8 -5 7 10 -2 -4 11 -3 -1 -11
right_child=2 6 3 4 -6 -7 -8 -9 -10 12 -12 -13 -14
leaf_value=-0.010344402980243337 0.0044326046274806392 -0.0051231902007186731 0.0089522154971819878 0.0081876008563413621 0.0044746276201260843 0.0057960695943437704 -0.0028133050148741721 0.00064339809366176226 0.011546297447497812 -0.012617894122466833 -0.0064980460837478857 -0.008846097592095736 -0.011330103595926675
leaf_weight=59112.249572753906 45064.678955078125 75114.339050292969 103484.46234130859 284805.22161865234 69746.03271484375 90310.245849609375 70573.745971679688 76796.338989257812 130953.53302001953 40974.058227539062 158998.75024414062 81817.5224609375 213554.30895996094
leaf_count=89 54 108 95 308 77 96 92 98 115 70 245 121 364
internal_value=-2.22827e-05 -0.00841061 0.00730839 0.00862923 0.00745727 0.00364161 -0.00530577 0.00204479 0.0104014 -0.0108027 -0.00605705 -0.0094749 -0.0115377
internal_weight=1.50131e+06 700145 801161 588989 354551 212171 304687 121861 234438 395458 234113 140930 254528
internal_count=1932 1089 843 595 385 248 445 152 210 644 353 210 434
is_linear=0
shrinkage=0.05


Tree=20
num_leaves=15
num_cat=1
split_feature=20 24 13 4 19 1 3 14 3 3 1 19 1 4
split_gain=35188 2033.02 1586.74 516.62 422.142 284.986 255.47 152.019 148.992 134.846 73.6334 28.4502 28.4314 23.8538
threshold=318.50000000000006 0 56.241235306854108 6.5000000000000009 378.00000000000006 1.5000000000000002 19.500000000000004 28.528408153141772 10.500000000000002 22.500000000000004 1.5000000000000002 199.50000000000003 4.5000000000000009 6.5000000000000009
decision_type=2 1 2 2 2 2 2 2 2 2 2 2 2 2
left_child=2 3 7 8 -3 -5 -6 12 -2 13 -11 -9 -1 -4
right_child=1 4 9 5 6 -7 -8 11 -10 10 -12 -13 -14 -15
leaf_value=-0.010945546621226813 0.011929134693138135 -0.0014878855643355858 -0.0056511133862225532 0.0092293070488883126 0.00203912235072713 0.0062542279152658226 0.0062511820391958489 -0.0099252427394238701 0.0092047163379316496 -0.0057950515588803559 -0.0028605777528096323 -0.0083101952820441808 -0.012060326192216766 -0.0068543918161386138
leaf_weight=200091.84393310547 72336.728637695312 51536.43994140625 62106.571472167969 111907.71380615234 88015.164489746094 287079.57214355469 60917.035400390625 51972.06298828125 164552.63409423828 36506.423156738281 51624.940368652344 58058.285278320312 81087.341613769531 123532.35601806641
leaf_count=342 64 70 85 119 112 315 61 78 146 56 71 83 141 189
internal_value=-2.26073e-05 0.00680299 -0.00860715 0.00818714 0.00241244 0.00708878 0.00376211 -0.0106503 0.0100369 -0.00568733 -0.00407638 -0.00907347 -0.0112672 -0.00645199
internal_weight=1.50133e+06 836345 664980 635877 200469 398987 148932 391210 236889 273770 88131.4 110030 281179 185639
internal_count=1932 887 1045 644 243 434 173 644 210 401 127 161 483 274
cat_boundaries=0 1
cat_threshold=2
is_linear=0
shrinkage=0.05


Tree=21
num_leaves=15
num_cat=0
split_feature=20 15 13 21 1 4 3 4 3 4 1 3 4 3
split_gain=33525.8 1900.25 1547.57 432.481 411.963 290.54 188.802 149.327 130.358 92.3609 70.9345 30.3482 23.1249 22.4198
threshold=318.50000000000006 273.50000000000006 56.241235306854108 423.50000000000006 1.5000000000000002 6.5000000000000009 19.500000000000004 6.5000000000000009 22.500000000000004 6.5000000000000009 1.5000000000000002 18.500000000000004 6.5000000000000009 5.5000000000000009
decision_type=2 2 2 2 2 2 2 2 2 2 2 2 2 2
left_child=2 3 7 -2 9 -6 -5 11 12 -3 -10 -1 -4 -9
right_child=1 4 8 6 5 -7 -8 13 10 -11 -12 -13 -14 -15
leaf_value=-0.0085045405021186675 -0.0012231786698935732 0.011186041690523459 -0.005542437295156348 0.0017781540874510064 0.0086049513385887729 0.0060604347154080383 0.0057880206832114931 -0.01232126028944887 -0.005684442184586417 0.0089164300849451737 -0.0027976506718505314 -0.0099968127151786722 -0.0067307668568310809 -0.011021947989678618
leaf_weight=75703.856994628906 64496.470764160156 74572.820007324219 61756.592590332031 56248.874694824219 183507.72338867188 288880.66052246094 61406.883605957031 40002.2177734375 36295.478942871094 112945.32495117188 51477.475402832031 62571.437316894531 122688.51165771484 208788.02502441406
leaf_count=120 87 65 85 72 159 315 70 70 56 119 71 90 189 364
internal_value=-2.2892e-05 0.00658836 -0.00846699 0.00206736 0.00783626 0.00704898 0.00387114 -0.0104985 -0.00557818 0.00981929 -0.00399164 -0.00918015 -0.00633305 -0.0112311
internal_weight=1.50134e+06 842059 659284 182152 659907 472388 117656 387066 272218 187518 87773 138275 184445 248790
internal_count=1932 887 1045 229 658 474 142 644 401 184 127 210 274 434
is_linear=0
shrinkage=0.05


Tree=22
num_leaves=15
num_cat=1
split_feature=20 24 13 4 19 1 3 4 21 3 1 19 1 4
split_gain=31944.6 1784.29 1508.76 447.116 389.294 264.85 221.825 146.523 138.312 125.98 68.3166 29.9928 22.5738 22.4102
threshold=318.50000000000006 0 56.241235306854108 6.5000000000000009 378.00000000000006 4.5000000000000009 19.500000000000004 6.5000000000000009 748.00000000000011 22.500000000000004 1.5000000000000002 199.50000000000003 3.5000000000000004 6.5000000000000009
decision_type=2 1 2 2 2 2 2 2 2 2 2 2 2 2
left_child=2 3 7 8 -3 -5 -6 11 -2 13 -11 -1 -9 -4
right_child=1 4 9 5 6 -7 -8 12 -10 10 -12 -13 -14 -15
leaf_value=-0.0099092262661955397 0.0083754355852308227 -0.0014762262761101876 -0.0054352533301954449 0.0074440297403274101 0.0019543103349741 0.0045939966904032462 0.0058621392826106594 -0.010657488354741113 0.01081334032097311 -0.0055753200066836969 -0.0027359336485152583 -0.0084057799188947228 -0.01162964623765975 -0.0066085441003529049
leaf_weight=57387.960632324219 143479.75421142578 51510.70947265625 61415.256408691406 291367.19940185547 88293.887451171875 113226.42327880859 61689.281005859375 139775.11047363281 98061.60498046875 36089.743713378906 51333.65966796875 79623.838806152344 106236.66467285156 121865.49896240234
leaf_count=89 130 70 85 308 112 126 61 245 80 56 71 121 189 189
internal_value=-2.31272e-05 0.0063819 -0.00832793 0.00766296 0.00227383 0.00664651 0.00356177 -0.0103473 0.00936539 -0.00547052 -0.00390833 -0.00903584 -0.0110775 -0.00621555
internal_weight=1.50136e+06 847629 653728 646135 201494 404594 149983 383024 241541 270704 87423.4 137012 246012 183281
internal_count=1932 887 1045 644 243 434 173 644 210 401 127 210 434 274
cat_boundaries=0 1
cat_threshold=2
is_linear=0
shrinkage=0.05


Tree=23
num_leaves=15
num_cat=1
split_feature=20 24 13 4 19 12 3 14 3 3 1 1 19 21
split_gain=30440 1668.9 1470.33 415.046 368.568 259.246 208.516 144.462 131.999 121.711 65.7783 28.0674 27.4196 21.9742
threshold=318.50000000000006 0 56.241235306854108 6.5000000000000009 378.00000000000006 653.982142857143 19.500000000000004 28.528408153141772 10.500000000000002 22.500000000000004 1.5000000000000002 4.5000000000000009 199.50000000000003 234.50000000000003
decision_type=2 1 2 2 2 2 2 2 2 2 2 2 2 2
left_child=2 3 7 8 -3 -5 -6 11 -2 13 -11 -1 -9 -4
right_child=1 4 9 5 6 -7 -8 12 -10 10 -12 -13 -14 -15
leaf_value=-0.010484890875670911 0.010799089921573815 -0.0014417298230618805 -0.0050715382069852584 0.0070387574234261176 0.0019020210137315565 0.0037887769813759065 0.0056827628041142483 -0.0094887630183732377 0.0082732672270264922 -0.0054676881719175367 -0.0026754109506502018 -0.01161117190631878 -0.0078816986872365935 -0.0063937570943486607
leaf_weight=193665.92633056641 74631.233642578125 51434.723510742188 40556.128662109375 331994.65234375 88466.609497070312 75297.364318847656 62051.973571777344 50493.169799804688 169183.00427246094 35889.092712402344 51193.406555175781 78331.800170898438 56590.235961914062 141589.02258300781
leaf_count=342 64 70 62 350 112 84 61 78 146 56 71 141 83 212
internal_value=-2.33215e-05 0.00618321 -0.00819 0.00741488 0.00221218 0.00643798 0.00346079 -0.0101967 0.00904662 -0.00536436 -0.00382643 -0.0108095 -0.00863989 -0.0060995
internal_weight=1.50137e+06 853060 648309 651106 201953 407292 150519 379081 243814 269228 87082.5 271998 107083 182145
internal_count=1932 887 1045 644 243 434 173 644 210 401 127 483 161 274
cat_boundaries=0 1
cat_threshold=2
is_linear=0
shrinkage=0.05


Tree=24
num_leaves=14
num_cat=0
split_feature=21 13 22 4 3 14 3 1 14 21 19 1 19
split_gain=29018.3 1807.6 1082.38 336.573 286.507 258.346 188.227 187.312 141.568 126.627 37.9122 27.5987 26.7731
threshold=357.50000000000006 49.734759153741038 560.00000000000011 6.5000000000000009 6.5000000000000009 108.71943312804022 19.500000000000004 3.5000000000000004 28.528408153141772 725.50000000000011 243.50000000000003 4.5000000000000009 199.50000000000003
decision_type=2 2 2 2 2 2 2 2 2 2 2 2 2
left_child=1 8 5 9 -5 -2 -7 10 11 -4 -3 -1 -10
right_child=2 7 3 4 -6 6 -8 -9 12 -11 -12 -13 -14
leaf_value=-0.010333704383858999 0.0056899311715447043 -0.0046430928871299265 0.0076106351857472805 0.0033227957569678976 0.0069955316120151358 0.00051577614103036308 0.0041800649243783142 -0.0025608937137214707 -0.0093425223092923823 0.0098806361498792877 -0.0059965979973714105 -0.011456810294375281 -0.0077476073109533986
leaf_weight=191645.96899414062 69906.820434570312 79775.509155273438 123478.85919189453 64412.754211425781 302715.71185302734 86979.975891113281 58693.425537109375 69773.740173339844 50016.319702148438 122551.1982421875 147853.86468505859 77427.533203125 56145.961853027344
leaf_count=342 80 125 109 70 315 110 58 92 78 101 228 141 83
internal_value=-2.3475e-05 -0.00773921 0.00623894 0.00731039 0.0063512 0.00319141 0.00199225 -0.00482762 -0.0100468 0.00874153 -0.00552236 -0.0106571 -0.00849943
internal_weight=1.50138e+06 672639 828739 613159 367128 215580 145673 297403 375236 246030 227629 269074 106162
internal_count=1932 1089 843 595 385 248 168 445 644 210 353 483 161
is_linear=0
shrinkage=0.05


Tree=25
num_leaves=15
num_cat=0
split_feature=20 15 13 21 1 4 3 4 3 14 1 3 3 21
split_gain=27684.5 1460.21 1388.64 365.232 348.087 225.097 154.335 139.412 118.671 67.2676 62.0724 29.099 22.6708 22.2672
threshold=318.50000000000006 273.50000000000006 56.241235306854108 423.50000000000006 1.5000000000000002 6.5000000000000009 19.500000000000004 6.5000000000000009 22.500000000000004 88.160100169390844 1.5000000000000002 18.500000000000004 5.5000000000000009 234.50000000000003
decision_type=2 2 2 2 2 2 2 2 2 2 2 2 2 2
left_child=2 3 7 -2 9 -6 -5 11 13 -3 -10 -1 -9 -4
right_child=1 4 8 6 5 -7 -8 12 10 -11 -12 -13 -14 -15
leaf_value=-0.0079298501892401448 -0.0011785627166585062 0.0075683202916632429 -0.0048576752296888839 0.0016031888792237066 0.007511403734773975 0.0053050077322697644 0.0052058415038070743 -0.011743430012740565 -0.0052477565362327901 0.0094595047138657049 -0.0025224146813708805 -0.0094177460762124229 -0.010408060549322355 -0.006195679673172437
leaf_weight=73129.262512207031 64374.789978027344 80715.568054199219 40121.784484863281 56621.23828125 189712.90747070312 296122.65124511719 62597.247680664062 38235.6201171875 35485.945434570312 113220.95880126953 50842.251220703125 60220.213256835938 199900.052734375 140083.86492919922
leaf_count=120 87 80 62 72 159 315 70 70 56 104 71 90 364 212
internal_value=-2.35859e-05 0.00581302 -0.00792165 0.00185625 0.00688165 0.00616665 0.00349495 -0.00989752 -0.00516763 0.00867262 -0.00364293 -0.00860211 -0.0106227 -0.00589792
internal_weight=1.50138e+06 863365 638019 183593 679772 485836 119218 371485 266534 193937 86328.2 133349 238136 180206
internal_count=1932 887 1045 229 658 474 142 644 401 184 127 210 434 274
is_linear=0
shrinkage=0.05


Tree=26
num_leaves=15
num_cat=1
split_feature=20 24 13 4 19 16 3 4 22 3 1 22 3 21
split_gain=26384.9 1371.01 1351.68 338.116 324.378 234.711 172.089 136.548 118.052 114.547 59.7172 29.0467 22.2902 21.5427
threshold=318.50000000000006 0 56.241235306854108 6.5000000000000009 378.00000000000006 729.00000000000011 19.500000000000004 6.5000000000000009 693.00000000000011 22.500000000000004 1.5000000000000002 206.37500000000003 5.5000000000000009 234.50000000000003
decision_type=2 1 2 2 2 2 2 2 2 2 2 2 2 2
left_child=2 3 7 8 -3 -5 -6 11 -2 13 -11 -1 -9 -4
right_child=1 4 9 5 6 -7 -8 12 -10 10 -12 -13 -14 -15
leaf_value=-0.0091055399451627998 0.0064911721223344099 -0.0013950202077538448 -0.0047604357444392432 0.0064285082547794669 0.0017845358123307873 0.003379030202287598 0.0052000680977752388 -0.011588872005883525 0.0088824272960288421 -0.0051447420587456202 -0.0024660820016197361 -0.0076044809090208554 -0.010257183951333831 -0.0060798777155633161
leaf_weight=75493.510498046875 72927.902709960938 51332.193176269531 39927.359619140625 337350.13531494141 88857.161926269531 77639.12158203125 63049.485229492188 37789.229125976562 177245.88122558594 35300.210876464844 50714.168090820312 56713.877563476562 197830.26586914062 139218.63458251953
leaf_count=118 61 70 62 350 112 84 61 70 149 56 71 92 364 212
internal_value=-2.36649e-05 0.00563531 -0.00778725 0.00673347 0.00204114 0.00585804 0.00320229 -0.00974901 0.0081855 -0.00506579 -0.00356564 -0.00846193 -0.010471 -0.00578595
internal_weight=1.50139e+06 868402 632987 665163 203239 414989 151907 367827 250174 265160 86014.4 132207 235619 179146
internal_count=1932 887 1045 644 243 434 173 644 210 401 127 210 434 274
cat_boundaries=0 1
cat_threshold=2
is_linear=0
shrinkage=0.05


Tree=27
num_leaves=15
num_cat=1
split_feature=20 13 24 4 19 1 3 4 3 3 1 19 1 12
split_gain=25147.5 1315.2 1284.84 314.796 307.268 229.131 161.961 133.682 114.845 110.533 57.4377 28.7086 22.1506 21.0304
threshold=318.50000000000006 56.241235306854108 0 6.5000000000000009 378.00000000000006 4.5000000000000009 19.500000000000004 6.5000000000000009 10.500000000000002 22.500000000000004 1.5000000000000002 199.50000000000003 3.5000000000000004 331.62500000000006
decision_type=2 2 1 2 2 2 2 2 2 2 2 2 2 2
left_child=1 7 3 8 -4 -5 -6 11 -2 13 -11 -1 -9 -3
right_child=2 9 4 5 6 -7 -8 12 -10 10 -12 -13 -14 -15
leaf_value=-0.0091979755245741399 0.0095203502979596677 -0.0063999438257562871 -0.0013623093533007534 0.0064072065617217806 0.0017370875262608693 0.0037945139356631214 0.0050443312352019673 -0.0098933076947731076 0.0072058533026847539 -0.0050432236739840373 -0.0024108700350989822 -0.0076941862773454292 -0.010882041808654291 -0.0052667218946959721
leaf_weight=54776.479858398438 77409.730224609375 64215.198059082031 51260.632690429688 301038.63104248047 89015.872924804688 116389.05743408203 63378.199890136719 132623.42315673828 174820.3720703125 35119.067932128906 50589.255920410156 76316.974182128906 100541.84765625 113897.30932617188
leaf_count=89 64 103 70 308 112 126 61 245 146 56 71 121 189 171
internal_value=-2.37132e-05 -0.00765409 0.00546401 0.00652162 0.00198627 0.00567878 0.00311264 -0.00960129 0.00791635 -0.00496544 -0.00348971 -0.00832286 -0.0103199 -0.00567545
internal_weight=1.50139e+06 628080 873312 669658 203655 417428 152394 364259 252230 263821 85708.3 131093 233165 178113
internal_count=1932 1045 887 644 243 434 173 644 210 401 127 210 434 274
cat_boundaries=0 1
cat_threshold=2
is_linear=0
shrinkage=0.05


Tree=28
num_leaves=13
num_cat=0
split_feature=20 22 15 21 1 4 3 13 3 3 14 18
split_gain=23969 1280.54 1205.91 322.448 308.641 168.165 134.851 122.088 116.476 106.63 49.8714 23.0699
threshold=318.50000000000006 206.37500000000003 273.50000000000006 423.50000000000006 3.5000000000000004 6.5000000000000009 19.500000000000004 56.241235306854108 8.5000000000000018 22.500000000000004 30.443485331370557 151.50000000000003
decision_type=2 2 2 2 2 2 2 2 2 2 2 2
left_child=1 10 3 -2 5 -4 -5 -3 -6 -9 11 -1
right_child=2 7 4 6 8 -7 -8 9 -10 -11 -12 -13
leaf_value=-0.010858083546190637 -0.00115073428680353 -0.0073739070811557894 0.0085679937795437432 0.0014680858937811386 0.0033434171332455583 0.0063995301131049417 0.0048208548062049347 -0.0055664460464896603 0.0056220651000651219 -0.0034151390599054298 -0.0080657380421986693 -0.0098102876902789963
leaf_weight=72904.849792480469 64299.129211425781 59595.816040039062 142124.71813964844 56912.155578613281 73564.211730957031 241417.38958740234 63410.094909667969 177104.55694580078 236372.53601074219 85409.837646484375 34233.258361816406 194044.55725097656
leaf_count=135 87 99 120 72 79 245 70 274 214 127 50 360
internal_value=-2.37306e-05 -0.00752219 0.00529884 0.00170765 0.00625488 0.00720317 0.00323513 -0.00533059 0.00508129 -0.00486659 -0.00986594 -0.0100966
internal_weight=1.50139e+06 623293 878100 184621 693479 383542 120322 322110 309937 262514 301183 266949
internal_count=1932 1045 887 229 658 365 142 500 293 401 545 495
is_linear=0
shrinkage=0.05


Tree=29
num_leaves=14
num_cat=0
split_feature=21 13 22 4 3 14 1 3 14 3 19 1 19
split_gain=22850.7 1554.75 761.828 246.509 253.422 228.979 153.798 138.565 129.162 105.733 38.093 27.3757 25.189
threshold=357.50000000000006 49.734759153741038 560.00000000000011 6.5000000000000009 6.5000000000000009 108.71943312804022 3.5000000000000004 19.500000000000004 28.528408153141772 10.500000000000002 243.50000000000003 1.5000000000000002 199.50000000000003
decision_type=2 2 2 2 2 2 2 2 2 2 2 2 2
left_child=1 8 5 9 -5 -2 10 -7 11 -4 -3 -1 -10
right_child=2 6 3 4 -6 7 -8 -9 12 -11 -12 -13 -14
leaf_value=-0.0090931499687785453 0.0051363082646624343 -0.0041344372599233532 0.0089550244528062688 0.0026070835733942688 0.0060153350144689123 0.00041192422082718996 -0.0023241685942629385 0.0035322214263251907 -0.0086381480129190131 0.006751861707187919 -0.0055081339295051214 -0.010239203273975893 -0.0070586275572690777
leaf_weight=73772.450988769531 71198.461181640625 77814.592224121094 78705.141357421875 66093.173400878906 312335.73229980469 87337.864685058594 69039.75390625 60034.23779296875 47840.204467773438 177333.55676269531 144115.79272460938 181802.38122558594 53968.948486328125
leaf_count=138 80 125 64 70 315 110 92 58 78 146 228 345 83
internal_value=-2.37172e-05 -0.00709909 0.00535395 0.00623096 0.00542012 0.00280806 -0.00438542 0.0016831 -0.00930837 0.00742927 -0.00502658 -0.00990858 -0.00780123
internal_weight=1.50139e+06 648354 853038 634468 378429 218571 290970 147372 357384 256039 221930 255575 101809
internal_count=1932 1089 843 595 385 248 445 168 644 210 353 483 161
is_linear=0
shrinkage=0.05


Tree=30
num_leaves=13
num_cat=0
split_feature=20 22 15 21 1 4 14 13 3 14 14 18
split_gain=21807.4 1209.97 1060.93 293.27 286.339 171.08 119.633 112.527 103.761 54.0546 47.9836 22.6311
threshold=318.50000000000006 206.37500000000003 273.50000000000006 423.50000000000006 1.5000000000000002 6.5000000000000009 117.51647914667284 56.241235306854108 22.500000000000004 88.160100169390844 30.443485331370557 151.50000000000003
decision_type=2 2 2 2 2 2 2 2 2 2 2 2
left_child=1 10 3 -2 9 -6 -5 -3 -9 -4 11 -1
right_child=2 7 4 6 5 -7 -8 8 -10 -11 -12 -13
leaf_value=-0.01056268320701185 -0.0011081440466970457 -0.0071074905887778443 0.0064975381300814913 0.0045292414609170786 0.0063881813823883056 0.0044953652496779696 0.0013758820637751823 -0.0053775857355390158 -0.0032464297893296731 0.0081627365604450258 -0.0077919339645826265 -0.0095143689010327159
leaf_weight=71395.195922851562 64183.672912597656 58699.822998046875 83474.680114746094 65121.929382324219 196539.07397460938 304298.62652587891 55900.284729003906 175384.96655273438 84742.1640625 117671.36486816406 33683.021179199219 190295.07409667969
leaf_count=135 87 99 80 73 159 315 69 274 127 104 50 360
internal_value=-2.36772e-05 -0.00726598 0.00499017 0.0016239 0.00587828 0.0052382 0.00307282 -0.0051298 -0.00468339 0.00747187 -0.00957165 -0.00980057
internal_weight=1.50139e+06 614200 887190 185206 701984 500838 121022 318827 260127 201146 295373 261690
internal_count=1932 1045 887 229 658 474 142 500 401 184 545 495
is_linear=0
shrinkage=0.05


Tree=31
num_leaves=14
num_cat=1
split_feature=18 13 24 1 3 4 1 14 13 14 19 1 19
split_gain=20787.6 1457.33 716.318 240.429 216.332 188.835 151.583 123.901 122.031 50.2561 40.3609 27.1945 24.26
threshold=346.50000000000006 56.241235306854108 0 1.5000000000000002 11.500000000000002 6.5000000000000009 3.5000000000000004 28.528408153141772 87.511361732331395 88.160100169390844 243.50000000000003 4.5000000000000009 199.50000000000003
decision_type=2 2 1 2 2 2 2 2 2 2 2 2 2
left_child=1 7 3 9 -4 -5 10 11 -6 -2 -3 -1 -9
right_child=2 6 4 5 8 -7 -8 12 -10 -11 -12 -13 -14
leaf_value=-0.0092817055606378273 0.0062946630183600433 -0.0039487676421359015 -0.00021994072474957073 0.0064655677695008408 0.0050001136218935458 0.0044097044821117043 -0.0020670250531408824 -0.0083609107634910994 0.0018350237486441101 0.0078945390594429461 -0.0053400686050869214 -0.010436896963569121 -0.0067985962707792355
leaf_weight=178678.24371337891 84018.825134277344 82252.161193847656 59486.182678222656 178100.26879882812 62508.476318359375 299776.52630615234 63613.837768554688 47034.750183105469 59398.820129394531 118635.81536865234 142751.22430419922 71940.287933349609 53190.557739257812
leaf_count=342 80 132 74 145 64 308 85 78 67 104 229 141 83
internal_value=-2.36128e-05 -0.0068541 0.00504393 0.0057881 0.00225193 0.00517597 -0.00422228 -0.00901904 0.00345808 0.00723142 -0.00483156 -0.00961351 -0.00753216
internal_weight=1.50139e+06 639461 861925 680531 181393 477877 288617 350844 121907 202655 225003 250619 100225
internal_count=1932 1090 842 637 205 453 446 644 131 184 361 483 161
cat_boundaries=0 1
cat_threshold=2
is_linear=0
shrinkage=0.05


Tree=32
num_leaves=13
num_cat=0
split_feature=20 22 15 21 1 4 3 13 3 3 14 18
split_gain=19832.4 1143.26 934.47 267.646 258.694 131.552 112.448 103.776 102.237 100.301 46.1017 22.1595
threshold=318.50000000000006 206.37500000000003 273.50000000000006 423.50000000000006 3.5000000000000004 6.5000000000000009 19.500000000000004 56.241235306854108 8.5000000000000018 22.500000000000004 30.443485331370557 151.50000000000003
decision_type=2 2 2 2 2 2 2 2 2 2 2 2
left_child=1 10 3 -2 5 -4 -5 -3 -6 -9 11 -1
right_child=2 7 4 6 8 -7 -8 9 -10 -11 -12 -13
leaf_value=-0.010269629769308168 -0.0010715662793264267 -0.0068457069973677596 0.0075699850579773647 0.0013083998760846836 0.0028477782282497316 0.0056784727853717827 0.004353670686142958 -0.0051882075746823783 0.0049626496422749333 -0.0030842899414882849 -0.0075231106194347521 -0.0092220725720915907
leaf_weight=69958.066925048828 64084.847290039062 57845.264953613281 146502.80407714844 57259.887573242188 74881.684936523438 247123.46484375 64425.295593261719 173693.86151123047 241604.52502441406 84110.25439453125 33159.732849121094 186731.0671081543
leaf_count=135 87 99 120 72 79 245 70 274 214 127 50 360
internal_value=-2.35266e-05 -0.00701357 0.00470083 0.00154357 0.00552677 0.00638256 0.00292081 -0.00493149 0.00446232 -0.00450186 -0.00928085 -0.00950777
internal_weight=1.50138e+06 605498 895883 185770 710112 393626 121685 315649 316486 257804 289849 256689
internal_count=1932 1045 887 229 658 365 142 500 293 401 545 495
is_linear=0
shrinkage=0.05


Tree=33
num_leaves=14
num_cat=0
split_feature=20 22 15 14 21 1 4 13 3 3 22 14 4
split_gain=18905.4 1110.85 878.097 265.982 271.313 241.938 122.622 100.332 96.6274 96.0165 45.6821 31.2242 22.013
threshold=318.50000000000006 206.37500000000003 273.50000000000006 108.71943312804022 423.50000000000006 3.5000000000000004 6.5000000000000009 56.241235306854108 22.500000000000004 8.5000000000000018 172.87500000000003 20.643866944427014 6.5000000000000009
decision_type=2 2 2 2 2 2 2 2 2 2 2 2 2
left_child=1 10 3 -2 -5 6 -4 -3 -9 -7 11 -1 -12
right_child=2 7 5 4 -6 9 -8 8 -10 -11 12 -13 -14
leaf_value=-0.0090640048851390095 0.0046685429853886408 -0.0067221851989150696 0.0073256574418611789 -0.0028690449915028688 0.0018987688241612734 0.002769077347678341 0.005505729913454098 -0.0050860438120920006 -0.0030171226462444578 0.004815172111436266 -0.0075901594141086215 -0.010410291978560799 -0.0090135506917519998
leaf_weight=102783.42449951172 48904.821472167969 57450.625366210938 147616.03674316406 43863.599792480469 93289.038452148438 75095.237060546875 248530.73687744141 172795.03540039062 83851.233032226562 242806.50231933594 52537.835815429688 74883.604644775391 56966.5810546875
leaf_count=203 57 99 120 61 111 79 245 274 127 214 88 142 112
internal_value=-2.34201e-05 -0.00688824 0.00456227 0.00150283 0.000373897 0.00535944 0.00618397 -0.00483315 -0.00441016 0.00433189 -0.00913589 -0.00963172 -0.00833102
internal_weight=1.50137e+06 601268 900106 186057 137153 714049 396147 314097 256646 317902 287171 177667 109504
internal_count=1932 1045 887 229 172 658 365 500 401 293 545 345 200
is_linear=0
shrinkage=0.05


Tree=34
num_leaves=13
num_cat=1
split_feature=20 22 24 20 21 4 12 13 3 3 14 18
split_gain=18021.9 1078.97 825.911 264.933 248.379 215.078 203.944 96.9721 93.2871 93.0634 44.7664 21.5646
threshold=318.50000000000006 206.37500000000003 0 527.50000000000011 423.50000000000006 6.5000000000000009 653.982142857143 56.241235306854108 10.500000000000002 22.500000000000004 30.443485331370557 151.50000000000003
decision_type=2 2 1 2 2 2 2 2 2 2 2 2
left_child=1 10 5 4 -4 8 -7 -3 -2 -9 11 -1
right_child=2 7 3 -5 -6 6 -8 9 -10 -11 -12 -13
leaf_value=-0.0099770059031759253 0.0077800939092383991 -0.0066000665896343742 -0.0023122863542812148 0.0046708400673375816 0.0019898124881874853 0.0050779511256672828 0.0022751717952927708 -0.0049853760431103657 0.0057461886124991236 -0.0029512173173694314 -0.0072463826587560072 -0.0089336406967648156
leaf_weight=68579.633453369141 81541.106323242188 57065.727966308594 49795.732482910156 53644.617736816406 102812.14398193359 353761.53680419922 79502.508239746094 171918.42425537109 183166.48999023438 83598.624084472656 32637.768371582031 183342.68023681641
leaf_count=135 64 99 70 59 114 350 84 274 146 127 50 360
internal_value=-2.32992e-05 -0.00676429 0.00442841 0.00164853 0.000586014 0.00524986 0.00456368 -0.00473629 0.00637285 -0.00431992 -0.00899187 -0.00921786
internal_weight=1.50137e+06 597143 904224 206252 152608 697972 433264 312583 264708 255517 284560 251922
internal_count=1932 1045 887 243 184 644 434 500 210 401 545 495
cat_boundaries=0 1
cat_threshold=2
is_linear=0
shrinkage=0.05


Tree=35
num_leaves=14
num_cat=0
split_feature=20 22 15 14 21 1 4 13 3 22 14 14 4
split_gain=17179.8 1047.61 777.144 249.621 249.585 224.407 135.515 93.6949 89.6075 44.4078 43.0231 30.96 21.2001
threshold=318.50000000000006 206.37500000000003 273.50000000000006 108.71943312804022 423.50000000000006 1.5000000000000002 6.5000000000000009 56.241235306854108 22.500000000000004 172.87500000000003 88.160100169390844 20.643866944427014 6.5000000000000009
decision_type=2 2 2 2 2 2 2 2 2 2 2 2 2
left_child=1 9 3 -2 -5 10 -7 -3 -9 11 -4 -1 -11
right_child=2 7 5 4 -6 6 -8 8 -10 12 -12 -13 -14
leaf_value=-0.0087723709708090736 0.0044779982452853662 -0.0064793654942994026 0.0055720895483028776 -0.0027913255636497513 0.001783951448511572 0.0054893326856371195 0.0038271464981288351 -0.0048862027052103728 -0.0028865589210316806 -0.0073165391959821788 0.0070340099636095237 -0.010125567288626378 -0.0087250958245116833
leaf_weight=100916.52279663086 49222.815246582031 56690.330078125 86015.889404296875 43708.89306640625 93691.536743164062 202365.96911621094 311394.46765136719 171063.47839355469 83352.271667480469 51716.901794433594 121839.93762207031 73433.449462890625 55946.11572265625
leaf_count=203 57 99 80 61 111 159 315 274 127 88 104 142 112
internal_value=-2.31602e-05 -0.00664173 0.00429906 0.001423 0.000328447 0.00504285 0.00448191 -0.00464092 -0.00423114 -0.00884884 0.00642918 -0.00934259 -0.00804885
internal_weight=1.50136e+06 593119 908240 186623 137400 721616 513760 311106 254416 282013 207856 174350 107663
internal_count=1932 1045 887 229 172 658 474 500 401 545 184 345 200
is_linear=0
shrinkage=0.05


Tree=36
num_leaves=14
num_cat=0
split_feature=21 13 22 14 1 4 1 14 4 3 19 3 19
split_gain=16387.6 1238.86 476.48 182.04 177.66 124.499 115.549 112.438 108.207 101.73 37.8245 27.7417 21.9704
threshold=357.50000000000006 49.734759153741038 560.00000000000011 108.71943312804022 4.5000000000000009 6.5000000000000009 3.5000000000000004 28.528408153141772 6.5000000000000009 19.500000000000004 243.50000000000003 5.5000000000000009 199.50000000000003
decision_type=2 2 2 2 2 2 2 2 2 2 2 2 2
left_child=1 7 3 -2 8 -6 10 11 -4 -5 -3 -1 -9
right_child=2 6 4 9 5 -7 -8 12 -10 -11 -12 -13 -14
leaf_value=-0.010215639422229229 0.0043960899174112283 -0.0034896087954528949 0.0064196224292083284 0.00025821363992535091 0.0049458283508726705 0.0020962711875373175 -0.0020290612454708892 -0.0076778657151503789 0.0049107381141116806 0.0029110429405455858 -0.0048797275209027441 -0.0086738753870145083 -0.0061629946237419866
leaf_weight=34237.731658935547 73001.899108886719 75463.086975097656 190510.4423828125 87873.013977050781 77453.09375 75907.203247070312 68146.094421386719 45161.41845703125 316186.65673828125 61378.674133300781 139576.01623535156 205074.60357666016 51379.208129882812
leaf_count=70 80 125 149 110 61 77 92 78 308 58 228 413 83
internal_value=-2.30042e-05 -0.00625944 0.00435255 0.00235009 0.0050268 0.00353553 -0.00382342 -0.00831336 0.00547811 0.00134923 -0.00439199 -0.00889466 -0.00687201
internal_weight=1.50135e+06 619038 882311 222254 660057 153360 283185 335853 506697 149252 215039 239312 96540.6
internal_count=1932 1089 843 248 595 138 445 644 457 168 353 483 161
is_linear=0
shrinkage=0.05


Tree=37
num_leaves=14
num_cat=0
split_feature=20 22 20 21 4 1 13 3 21 15 22 14 4
split_gain=15632.8 985.276 689.315 320.23 231.846 195.688 85.8411 86.9743 80.5206 61.8847 43.2263 30.6471 20.0472
threshold=318.50000000000006 206.37500000000003 453.50000000000006 423.50000000000006 6.5000000000000009 4.5000000000000009 56.241235306854108 22.500000000000004 748.00000000000011 273.50000000000006 172.87500000000003 20.643866944427014 6.5000000000000009
decision_type=2 2 2 2 2 2 2 2 2 2 2 2 2
left_child=1 10 3 -2 8 -6 -3 -8 -4 -5 11 -1 -12
right_child=2 6 4 9 5 -7 7 -9 -10 -11 12 -13 -14
leaf_value=-0.0084874428584485028 -0.0022179333174549131 -0.0062318400597267754 0.005155552038911681 0.0015929562291819702 0.0047136439288413441 0.0024910158991570683 -0.0047150196941974816 -0.0027377454970355306 0.0068569614949323043 0.0039184039219168996 -0.0070553862423034562 -0.0098459782326270149 -0.0084362100162547315
leaf_weight=99156.905090332031 49587.923095703125 55935.734313964844 188560.60101318359 67796.299743652344 302956.64672851562 147152.30181884766 169607.59637451172 82790.761047363281 110306.31567382812 49507.332092285156 50956.948638916016 72063.083282470703 54960.120391845703
leaf_count=203 70 99 161 77 294 161 274 127 80 44 88 142 112
internal_value=-2.28294e-05 -0.00640415 0.00405647 0.00115053 0.00470397 0.00398704 -0.00445942 -0.00406651 0.00578362 0.00257452 -0.00856768 -0.00905949 -0.00777226
internal_weight=1.50134e+06 585471 915867 166892 748976 450109 308334 252398 298867 117304 277137 171220 105917
internal_count=1932 1045 887 191 696 455 500 401 241 121 545 345 200
is_linear=0
shrinkage=0.05


Tree=38
num_leaves=13
num_cat=0
split_feature=20 22 20 21 4 1 13 3 21 15 14 18
split_gain=14902.6 955.618 648.964 304.064 217.25 183.984 82.8645 83.6819 75.1954 58.3675 42.321 20.9722
threshold=318.50000000000006 206.37500000000003 453.50000000000006 423.50000000000006 6.5000000000000009 4.5000000000000009 56.241235306854108 22.500000000000004 748.00000000000011 273.50000000000006 30.443485331370557 151.50000000000003
decision_type=2 2 2 2 2 2 2 2 2 2 2 2
left_child=1 10 3 -2 8 -6 -3 -8 -4 -5 11 -1
right_child=2 6 4 9 5 -7 7 -9 -10 -11 -12 -13
leaf_value=-0.0094145871540422931 -0.0021677323127381773 -0.0061155924416548268 0.0050013656913623838 0.0015509033547943763 0.0045747192109285573 0.0024230476374964452 -0.0046199594646837722 -0.002677185417006513 0.0066404431682466659 0.003805990762462034 -0.0067054703346852628 -0.0083670448236466896
leaf_weight=66077.259033203125 49478.061462402344 55588.236541748047 189535.24371337891 67904.383666992188 304388.04241943359 147519.31768798828 168809.77587890625 82564.407958984375 111065.28161621094 49701.701416015625 31663.531524658203 177032.22604370117
leaf_count=135 70 99 161 77 294 161 274 127 80 44 50 360
internal_value=-2.26461e-05 -0.00628584 0.00393947 0.00112059 0.00456535 0.00387237 -0.0043684 -0.00398192 0.00560707 0.00250405 -0.00842778 -0.00865196
internal_weight=1.50133e+06 581735 919592 167084 752508 451907 306962 251374 300601 117606 274773 243109
internal_count=1932 1045 887 191 696 455 500 401 241 121 545 495
is_linear=0
shrinkage=0.05


Tree=39
num_leaves=14
num_cat=0
split_feature=20 22 20 21 4 4 13 3 21 15 22 14 4
split_gain=14206.4 926.522 611.153 288.729 203.663 176.341 79.9675 80.4946 70.2616 55.0629 41.8975 30.3179 19.2408
threshold=318.50000000000006 206.37500000000003 453.50000000000006 423.50000000000006 6.5000000000000009 7.5000000000000009 56.241235306854108 22.500000000000004 748.00000000000011 273.50000000000006 172.87500000000003 20.643866944427014 6.5000000000000009
decision_type=2 2 2 2 2 2 2 2 2 2 2 2 2
left_child=1 10 3 -2 8 -6 -3 -8 -4 -5 11 -1 -12
right_child=2 6 4 9 5 -7 7 -9 -10 -11 12 -13 -14
leaf_value=-0.0082041399297341153 -0.0021185598048125143 -0.006000806958251957 0.004852548143640889 0.0015100250092516597 0.0027130182425449123 0.0046884464132465609 -0.0045263801757308257 -0.0026178042821303322 0.0064321719389234108 0.0036972232785358094 -0.0067929584053193067 -0.0095673233254945905 -0.0081563008020167308
leaf_weight=97467.121948242188 49370.922973632812 55249.319122314453 190485.55535888672 68009.777526855469 212900.85919189453 240760.05804443359 168031.6787109375 82343.664794921875 111805.2587890625 49891.226013183594 50215.453979492188 70747.253967285156 54037.352783203125
leaf_count=203 70 99 161 77 217 238 274 127 80 44 88 142 112
internal_value=-2.24484e-05 -0.00616896 0.00382631 0.00109146 0.00443144 0.00376143 -0.00427884 -0.00389875 0.00543688 0.00243568 -0.00828898 -0.00877773 -0.00749998
internal_weight=1.50132e+06 578092 923224 167272 755952 453661 305625 250375 302291 117901 272467 168214 104253
internal_count=1932 1045 887 191 696 455 500 401 241 121 545 345 200
is_linear=0
shrinkage=0.05


Tree=40
num_leaves=13
num_cat=1
split_feature=20 22 24 20 21 1 4 13 3 18 14 18
split_gain=13542.7 898.001 580.037 208.349 184.121 173.487 124.559 77.1493 77.4101 45.7213 40.9367 20.3231
threshold=318.50000000000006 206.37500000000003 0 527.50000000000011 423.50000000000006 1.5000000000000002 6.5000000000000009 56.241235306854108 22.500000000000004 668.00000000000011 30.443485331370557 151.50000000000003
decision_type=2 2 1 2 2 2 2 2 2 2 2 2
left_child=1 10 5 4 -4 9 -7 -3 -9 -2 11 -1
right_child=2 7 3 -5 -6 6 -8 8 -10 -11 -12 -13
leaf_value=-0.0091316262528112983 0.0065647767637300493 -0.0058874918057495252 -0.0020703997996399507 0.0040390955393084212 0.0016391207877166976 0.0049069023108649868 0.0032812030241471226 -0.0044342760903963215 -0.0025595864273891852 0.0050380112055476945 -0.0064456909956320087 -0.0080913475963646769
leaf_weight=64886.081420898438 76481.719604492188 54918.769927978516 49266.437194824219 54818.666931152344 104174.416015625 187435.92004394531 317442.267578125 167272.82000732422 82128.387023925781 137145.20288085938 31216.021270751953 174116.17440795898
leaf_count=135 67 99 70 59 114 145 315 274 127 117 50 360
internal_value=-2.224e-05 -0.00605355 0.00371682 0.00139337 0.000448048 0.00439026 0.00388479 -0.00419074 -0.003817 0.00558476 -0.00815132 -0.00837396
internal_weight=1.5013e+06 574538 926765 208260 153441 718505 504878 304320 249401 213627 270218 239002
internal_count=1932 1045 887 243 184 644 460 500 401 184 545 495
cat_boundaries=0 1
cat_threshold=2
is_linear=0
shrinkage=0.05


Tree=41
num_leaves=12
num_cat=0
split_feature=20 22 19 1 14 4 13 3 22 14 4
split_gain=12909.9 870.054 550.566 341.117 129.13 77.9578 74.4091 74.4262 40.5533 29.9584 18.438
threshold=318.50000000000006 206.37500000000003 378.00000000000006 4.5000000000000009 108.71943312804022 6.5000000000000009 56.241235306854108 22.500000000000004 172.87500000000003 20.643866944427014 6.5000000000000009
decision_type=2 2 2 2 2 2 2 2 2 2 2
left_child=1 8 -2 5 -5 -4 -3 -8 9 -1 -10
right_child=2 6 3 4 -6 -7 7 -9 10 -11 -12
leaf_value=-0.0079254205721173438 -0.0011553427726071327 -0.0057756535890295694 0.0055236330624939935 0.0035590486976394236 0.0016315967215553295 0.0042597258882751876 -0.0043436409581931916 -0.002502515748199298 -0.0065363802160259138 -0.0092921275341401894 -0.0078810478997503354
leaf_weight=95859.948547363281 56882.997497558594 54596.385803222656 196134.27978515625 200623.509765625 153313.38970947266 323263.03039550781 166532.73004150391 81918.439880371094 49511.055206298828 69494.079681396484 53159.661346435547
leaf_count=203 77 99 149 187 166 308 274 127 88 142 112
internal_value=-2.2019e-05 -0.00593959 0.00361087 0.00392131 0.00272418 0.00473705 -0.00410409 -0.00373665 -0.00801483 -0.00850008 -0.00723296
internal_weight=1.50129e+06 571072 930217 873334 353937 519397 303048 248451 268025 165354 102671
internal_count=1932 1045 887 810 353 457 500 401 545 345 200
is_linear=0
shrinkage=0.05


Tree=42
num_leaves=11
num_cat=0
split_feature=20 22 19 1 14 4 13 3 14 18
split_gain=12306.6 842.693 520.198 320.654 121.812 73.0459 71.7459 71.5409 39.5475 19.6655
threshold=318.50000000000006 206.37500000000003 378.00000000000006 4.5000000000000009 108.71943312804022 6.5000000000000009 56.241235306854108 22.500000000000004 30.443485331370557 151.50000000000003
decision_type=2 2 2 2 2 2 2 2 2 2
left_child=1 8 -2 5 -5 -4 -3 -8 9 -1
right_child=2 6 3 4 -6 -7 7 -9 -10 -11
leaf_value=-0.0088524253741353934 -0.0011279779429046127 -0.0056652983779311057 0.0053564411208196971 0.003458195336456213 0.001588459914238137 0.0041360801888250844 -0.0042544678645273148 -0.00244657616842513 -0.0061919327933179459 -0.0078203910627438651
leaf_weight=63752.086486816406 56817.315612792969 54281.964233398438 197220.6533203125 201338.81268310547 153563.73797607422 324642.97991943359 165810.94158935547 81713.693908691406 30790.928863525391 171342.37225341797
leaf_count=135 77 99 149 187 166 308 274 127 50 360
internal_value=-2.17872e-05 -0.00582712 0.00350832 0.00380877 0.00264921 0.00459732 -0.00401887 -0.0036577 -0.00787954 -0.00810044
internal_weight=1.50128e+06 567692 933583 876766 354903 521864 301807 247525 265885 235094
internal_count=1932 1045 887 810 353 457 500 401 545 495
is_linear=0
shrinkage=0.05


Tree=43
num_leaves=15
num_cat=0
split_feature=21 13 22 14 1 3 23 14 3 4 18 22 3 19
split_gain=11732.5 976.995 300.97 153.023 140.929 133.668 97.4181 96.9648 89.0724 67.4684 44.326 32.9536 27.8842 18.9899
threshold=357.50000000000006 49.734759153741038 560.00000000000011 108.71943312804022 1.5000000000000002 5.5000000000000009 22.375000000000004 28.528408153141772 19.500000000000004 6.5000000000000009 668.00000000000011 271.87500000000006 5.5000000000000009 199.50000000000003
decision_type=2 2 2 2 2 2 2 2 2 2 2 2 2 2
left_child=1 7 3 -2 10 -6 9 12 -5 -3 -4 -8 -1 -9
right_child=2 6 4 8 5 -7 11 13 -10 -11 -12 -13 -14 -15
leaf_value=-0.0092967389854114457 0.0038268604792662513 -0.0024946326462993197 0.006089746800384324 3.8702790569347362e-05 0.001504598882671996 0.0039335233559484577 -0.0029605292493666436 -0.0067755707145115253 0.0025058175258326656 -0.0044883353844823439 0.0045978994385530514 -0.00085440662237172213 -0.007704415572230984 -0.005333613276497764
leaf_weight=32211.939300537109 74452.118225097656 60916.478576660156 77656.8388671875 88648.717102050781 66028.762512207031 398801.28637695312 33044.917602539062 42904.072875976562 62288.647766113281 140039.62054443359 139196.41809082031 42413.029602050781 193464.78555297852 49193.227966308594
leaf_count=70 80 92 67 110 62 349 55 78 58 238 117 60 413 83
internal_value=-2.15454e-05 -0.00548282 0.00355593 0.00197194 0.00407964 0.00358852 -0.00330886 -0.00737375 0.00105688 -0.00388405 0.00513227 -0.00177687 -0.0079319 -0.00600569
internal_weight=1.50126e+06 594188 907073 225389 681683 464830 276414 317774 150937 200956 216853 75457.9 225677 92097.3
internal_count=1932 1089 843 248 595 411 445 644 168 330 184 115 483 161
is_linear=0
shrinkage=0.05


Tree=44
num_leaves=14
num_cat=0
split_feature=20 22 20 21 4 4 13 3 21 15 22 14 4
split_gain=11202 788.048 469.054 230.94 169.523 156.106 65.3025 68.4532 55.635 42.9631 39.0207 29.8733 17.0545
threshold=318.50000000000006 206.37500000000003 453.50000000000006 423.50000000000006 6.5000000000000009 7.5000000000000009 56.241235306854108 22.500000000000004 748.00000000000011 273.50000000000006 172.87500000000003 20.643866944427014 6.5000000000000009
decision_type=2 2 2 2 2 2 2 2 2 2 2 2 2
left_child=1 10 3 -2 8 -6 -3 -8 -4 -5 11 -1 -12
right_child=2 6 4 9 5 -7 7 -9 -10 -11 12 -13 -14
leaf_value=-0.0075161020995726446 -0.0019635001801884813 -0.005439493837089783 0.0042286437752119413 0.0012958266776186944 0.0022526884454203084 0.0040942006222264111 -0.0041001086042154423 -0.0023263087720163419 0.0056171299928018184 0.0032150297393879848 -0.0061632614467630976 -0.0088974551060816871 -0.0074706739296856624
leaf_weight=93593.506591796875 49036.08935546875 53649.764221191406 194575.59222412109 68567.426513671875 216519.76403808594 245706.68475341797 164576.19622802734 81276.947937011719 114798.38854980469 50749.142150878906 48521.267578125 67772.40478515625 51902.798187255859
leaf_count=203 70 99 161 77 217 238 274 127 80 44 88 142 112
internal_value=-2.12995e-05 -0.00561048 0.00331629 0.000925066 0.00383802 0.00323162 -0.0038588 -0.00351376 0.00474395 0.00211223 -0.00761439 -0.00809652 -0.00683932
internal_weight=1.50125e+06 561293 939953 168353 771600 462226 299503 245853 309374 119317 261790 161366 100424
internal_count=1932 1045 887 191 696 455 500 401 241 121 545 345 200
is_linear=0
shrinkage=0.05


Tree=45
num_leaves=14
num_cat=0
split_feature=20 22 20 21 4 4 13 3 21 15 22 14 4
split_gain=10678.1 762.512 442.418 219.378 159.283 147.01 62.9139 65.7565 52.126 40.5818 37.9661 29.1245 16.5591
threshold=318.50000000000006 206.37500000000003 453.50000000000006 423.50000000000006 6.5000000000000009 7.5000000000000009 56.241235306854108 22.500000000000004 748.00000000000011 273.50000000000006 172.87500000000003 20.643866944427014 6.5000000000000009
decision_type=2 2 2 2 2 2 2 2 2 2 2 2 2
left_child=1 10 3 -2 8 -6 -3 -8 -4 -5 11 -1 -12
right_child=2 6 4 9 5 -7 7 -9 -10 -11 12 -13 -14
leaf_value=-0.0073854913562379698 -0.0019185637177545727 -0.0053337457773444952 0.0041060308305238937 0.0012619973914427044 0.0021917513188999538 0.0039760265367383375 -0.0040149449653053091 -0.0022739022825712936 0.0054465953030209671 0.0031250200801873455 -0.0060478747310306821 -0.0087550803835277843 -0.0073405207200731076
leaf_weight=92892.685760498047 48939.902282714844 53358.729705810547 195400.125 68656.337829589844 217008.06188964844 246714.72308349609 163902.79583740234 81088.091003417969 115445.04284667969 50912.564514160156 48223.138458251953 67172.078704833984 51516.493591308594
leaf_count=203 70 99 161 77 217 238 274 127 80 44 88 142 112
internal_value=-2.10482e-05 -0.0055024 0.00322307 0.000901202 0.00372819 0.00314107 -0.00377774 -0.00343875 0.00460398 0.00205537 -0.00748282 -0.0079605 -0.00671587
internal_weight=1.50123e+06 558154 943077 168509 774568 463723 298350 244991 310845 119569 259804 160065 99739.6
internal_count=1932 1045 887 191 696 455 500 401 241 121 545 345 200
is_linear=0
shrinkage=0.05


Tree=46
num_leaves=11
num_cat=0
split_feature=20 22 19 1 3 13 3 1 14 3
split_gain=10178.6 737.564 420.484 272.591 103.72 60.5966 63.1524 57.3856 37.0558 19.1751
threshold=318.50000000000006 206.37500000000003 378.00000000000006 4.5000000000000009 13.500000000000002 56.241235306854108 22.500000000000004 1.5000000000000002 30.443485331370557 5.5000000000000009
decision_type=2 2 2 2 2 2 2 2 2 2
left_child=1 8 -2 7 -5 -3 -7 -4 9 -1
right_child=2 5 3 4 -6 6 -8 -9 -10 -11
leaf_value=-0.0086803658998718895 -0.0010450985824658379 -0.0052294937349558306 0.0047372986702102987 0.0012739861055737008 0.003015644913821613 -0.0039312111221878826 -0.0022225584357006135 0.0036812818344464991 -0.0056981456189768714 -0.0073794450928146363
leaf_weight=33381.009460449219 56619.310485839844 53074.884521484375 219750.20190429688 140379.20233154297 218633.08258056641 163246.0576171875 80903.91455078125 310740.71716308594 29996.065246582031 194490.72119140625
leaf_count=74 77 99 184 154 199 274 127 273 50 421
internal_value=-2.07903e-05 -0.00539581 0.00313276 0.0033987 0.00233466 -0.00369808 -0.00336507 0.00411877 -0.00735255 -0.0075702
internal_weight=1.50122e+06 555093 946123 889503 359012 297225 244150 530491 257868 227872
internal_count=1932 1045 887 810 353 500 401 457 545 495
is_linear=0
shrinkage=0.05


Tree=47
num_leaves=14
num_cat=0
split_feature=20 22 20 21 4 16 13 3 23 15 22 4 16
split_gain=9702.21 713.202 400.52 200.357 148.009 143.949 58.3493 60.6386 49.4836 37.3284 36.9325 28.9271 15.7743
threshold=318.50000000000006 206.37500000000003 453.50000000000006 423.50000000000006 6.5000000000000009 729.00000000000011 56.241235306854108 22.500000000000004 33.750000000000007 273.50000000000006 172.87500000000003 7.5000000000000009 221.00000000000003
decision_type=2 2 2 2 2 2 2 2 2 2 2 2 2
left_child=1 10 3 -2 8 -6 -3 -8 -4 -5 11 -1 -12
right_child=2 6 4 9 5 -7 7 -9 -10 -11 12 -13 -14
leaf_value=-0.0085642945421421351 -0.0018628449348773867 -0.0051267380622676429 0.0048075976678168125 0.0011754993601622808 0.0033716398096580967 0.0010910743093206045 -0.0038488973658302086 -0.0021722609173830498 0.0034738657118923949 0.0029579445709200986 -0.0069806305637304363 -0.0071663513733579865 -0.0056850313577866008
leaf_weight=59977.565216064453 48821.156127929688 52798.055114746094 209084.60174560547 68884.720031738281 382271.34124755859 84492.670776367188 162605.55993652344 80724.300720214844 104318.95812988281 51218.715454101562 58974.355804443359 97639.610443115234 39387.371154785156
leaf_count=128 70 99 150 77 371 84 274 127 91 44 128 217 72
internal_value=-2.0523e-05 -0.00529072 0.00304527 0.000837871 0.00352322 0.00295883 -0.00361981 -0.00329273 0.00436372 0.00193572 -0.00722359 -0.00769856 -0.00646214
internal_weight=1.5012e+06 552107 949092 168925 780168 466764 296128 243330 313404 120103 255979 157617 98361.7
internal_count=1932 1045 887 191 696 455 500 401 241 121 545 345 200
is_linear=0
shrinkage=0.05


Tree=48
num_leaves=12
num_cat=0
split_feature=20 22 19 1 3 15 3 1 22 4 4
split_gain=9247.98 689.429 379.387 250.5 95.2576 56.3303 55.67 53.416 35.892 28.1712 15.4658
threshold=318.50000000000006 206.37500000000003 378.00000000000006 4.5000000000000009 13.500000000000002 167.50000000000003 22.500000000000004 1.5000000000000002 172.87500000000003 7.5000000000000009 6.5000000000000009
decision_type=2 2 2 2 2 2 2 2 2 2 2
left_child=1 8 -2 7 -5 -3 -7 -4 9 -1 -10
right_child=2 5 3 4 -6 6 -8 -9 10 -11 -12
leaf_value=-0.0084244101182757072 -0.0010117054543832104 -0.0051516167254438945 0.0044925737798556789 0.0011783218212604385 0.0028435301413312387 -0.0037675249561745731 -0.0021743718487393297 0.0034777312418430104 -0.005691998823551387 -0.007039324623491711 -0.0069538141177635368
leaf_weight=59466.093627929688 56539.919677734375 45952.670104980469 221584.31481933594 140895.58123779297 219992.93023681641 167559.29360961914 81546.148193359375 312975.23529052734 47326.290283203125 96942.392395019531 50401.910064697266
leaf_count=128 77 86 184 154 199 285 129 273 88 217 112
internal_value=-2.02552e-05 -0.00518712 0.00296048 0.0032113 0.00219344 -0.00354291 -0.00324605 0.00389844 -0.00709597 -0.00756618 -0.00634308
internal_weight=1.50118e+06 549195 951988 895448 360889 295058 249105 534560 254137 156408 97728.2
internal_count=1932 1045 887 810 353 500 414 457 545 345 200
is_linear=0
shrinkage=0.05


Tree=49
num_leaves=14
num_cat=0
split_feature=20 22 20 21 4 11 23 3 23 14 15 15 3
split_gain=8814.86 666.24 362.878 183.079 137.666 138.7 55.6365 47.671 45.4108 35.5403 34.3613 29.647 19.2635
threshold=318.50000000000006 206.37500000000003 453.50000000000006 423.50000000000006 6.5000000000000009 640.82142857142867 22.375000000000004 10.500000000000002 33.750000000000007 30.443485331370557 273.50000000000006 167.50000000000003 5.5000000000000009
decision_type=2 2 2 2 2 2 2 2 2 2 2 2 2
left_child=1 9 3 -2 8 -6 11 -8 -4 12 -5 -3 -1
right_child=2 6 4 10 5 -7 7 -9 -10 -11 -12 -13 -14
leaf_value=-0.0083106179766872634 -0.0018083774646819766 -0.0051127935802293568 0.0045612548936198533 0.001094795160775913 0.0032122165956592163 0.0010476347651718063 -0.0035107799032170896 -0.00090412092128810202 0.0032881709578592177 -0.0053346227959100885 0.002801021587453175 -0.0035895095258463676 -0.0069923309533308281
leaf_weight=32633.707977294922 48705.633728027344 38641.924041748047 210837.13031005859 69099.180969238281 377598.0576171875 92053.855773925781 35948.967315673828 34255.978271484375 105007.93829345703 29436.625915527344 51509.634643554688 185167.90637207031 190269.59121704102
leaf_count=74 70 74 150 77 364 91 57 56 91 50 44 313 421
internal_value=-1.99801e-05 -0.00508501 0.00287831 0.000778772 0.00333085 0.00278796 -0.00346737 -0.00223904 0.00413806 -0.00696971 0.00182358 -0.00385262 -0.00718551
internal_weight=1.50117e+06 546355 954811 169314 785497 469652 294015 70204.9 315845 252340 120609 223810 222903
internal_count=1932 1045 887 191 696 455 500 113 241 545 121 387 495
is_linear=0
shrinkage=0.05


Tree=50
num_leaves=15
num_cat=0
split_feature=20 22 20 21 4 4 23 3 23 18 14 15 15 14
split_gain=8401.83 643.63 342.65 173.963 129.556 132.89 53.4228 45.641 42.6598 35.1382 37.6488 32.4866 28.5556 21.8365
threshold=318.50000000000006 206.37500000000003 453.50000000000006 423.50000000000006 6.5000000000000009 7.5000000000000009 22.375000000000004 10.500000000000002 33.750000000000007 151.50000000000003 30.443485331370557 273.50000000000006 167.50000000000003 20.643866944427014
decision_type=2 2 2 2 2 2 2 2 2 2 2 2 2 2
left_child=1 9 3 -2 8 -6 12 -8 -4 13 -11 -5 -3 -1
right_child=2 6 4 11 5 -7 7 -9 -10 10 -12 -13 -14 -15
leaf_value=-0.0068180063957065003 -0.0017667136818466619 -0.0050117424678242642 0.0044275057511230622 0.0010664311897217447 0.0018142666497306505 0.0034977252700216926 -0.0034358142817012341 -0.0008824830497208612 0.0031958722644168749 -0.0067755044207473613 -0.0046833275263645545 0.0027237442785032003 -0.0035131343164781833 -0.0086779033562508438
leaf_weight=28509.44091796875 48617.635681152344 38444.859558105469 211801.00604248047 69174.872741699219 220082.697265625 250880.58288574219 35822.980377197266 34225.021301269531 105353.79125976562 161425.40133666992 24866.320495605469 51654.117309570312 184504.43630981445 35786.274871826172
leaf_count=65 70 74 150 77 217 238 57 56 91 360 43 44 313 77
internal_value=-1.97042e-05 -0.0049844 0.00279864 0.000758798 0.0032372 0.00271107 -0.00339319 -0.00218842 0.00401843 -0.00684481 -0.00649637 0.00177501 -0.00377166 -0.0078538
internal_weight=1.50115e+06 543585 957565 169447 788118 470963 292997 70048 317155 250587 186292 120829 222949 64295.7
internal_count=1932 1045 887 191 696 455 500 113 241 545 403 121 387 142
is_linear=0
shrinkage=0.05


Tree=51
num_leaves=15
num_cat=0
split_feature=21 22 20 14 21 19 14 12 4 3 3 23 22 4
split_gain=8008.09 733.533 211.556 144.448 120.015 82.5674 72.9454 72.5235 64.7311 150.065 51.173 43.6751 34.388 27.6177
threshold=357.50000000000006 206.37500000000003 658.00000000000011 122.66312220884193 301.00000000000006 533.00000000000011 114.01321089207185 653.982142857143 6.5000000000000009 6.5000000000000009 10.500000000000002 -9.3749999999999982 172.87500000000003 7.5000000000000009
decision_type=2 2 2 2 2 2 2 2 2 2 2 2 2 2
left_child=1 12 3 7 11 -5 -6 -2 10 -10 -4 -3 13 -1
right_child=2 4 8 5 6 -7 -8 -9 9 -11 -12 -13 -14 -15
leaf_value=-0.0080464862408559275 0.0028538521540319817 -0.0045016319485948614 0.005139318283150545 -0.00098051137250586154 0.00025042722165828012 0.0018646146473233237 -0.0027340811480156169 0.00090799443760536532 0.00057257463434686069 0.0036987301820593666 0.003624614394795746 -0.003120645921346294 -0.0059774849275292868 -0.0066600345380513617
leaf_weight=58126.889801025391 313117.93060302734 96344.732818603516 86566.567932128906 51402.29541015625 35260.098388671875 50595.833129882812 48813.541748046875 56536.573669433594 49997.674621582031 165350.27716064453 156965.98718261719 141302.82702636719 95832.823425292969 94918.575958251953
leaf_count=128 312 171 64 61 53 43 71 49 49 154 111 249 200 217
internal_value=-1.94263e-05 -0.00468304 0.0028403 0.00209663 -0.0031062 0.000430826 -0.00148245 0.00255626 0.00360463 0.00297296 0.00416313 -0.00368059 -0.00672131 -0.00718686
internal_weight=1.50113e+06 570599 930533 471653 321721 101998 84073.6 369655 458881 215348 243533 237648 248878 153045
internal_count=1932 1089 843 465 544 104 124 361 378 203 175 420 545 345
is_linear=0
shrinkage=0.05


Tree=52
num_leaves=15
num_cat=0
split_feature=20 22 15 14 21 1 3 3 23 3 18 14 15 14
split_gain=7640.06 598.758 312.475 187.892 137.696 124.893 81.8914 63.4891 50.6553 43.2996 33.8053 36.4581 26.982 21.0872
threshold=318.50000000000006 206.37500000000003 273.50000000000006 108.71943312804022 423.50000000000006 3.5000000000000004 14.500000000000002 8.5000000000000018 22.375000000000004 10.500000000000002 151.50000000000003 30.443485331370557 167.50000000000003 20.643866944427014
decision_type=2 2 2 2 2 2 2 2 2 2 2 2 2 2
left_child=1 10 3 -2 -5 6 -4 -7 12 -10 13 -12 -3 -1
right_child=2 8 5 4 -6 7 -8 -9 9 -11 11 -13 -14 -15
leaf_value=-0.0065724738398249619 0.0034329893526085227 -0.0048340223312044409 0.0044249950467188277 -0.002462872360220531 0.00093551805521344253 0.0011460060567556516 0.0030394373656334375 0.0027578278687334411 -0.0032970252840555966 -0.00080404383633204924 -0.0065322776622360303 -0.0044619280100475821 -0.0033710781729399046 -0.0084135376260199256
leaf_weight=28125.955535888672 51043.034912109375 38103.112945556641 193524.48553466797 43066.949157714844 96776.961486816406 79787.892517089844 237699.3330078125 260914.49291992188 35592.045623779297 34113.265808105469 159279.46362304688 24595.961303710938 183282.95684814453 35209.877075195312
leaf_count=65 57 74 162 61 111 79 203 214 57 56 360 43 313 77
internal_value=-1.91481e-05 -0.00478968 0.00264804 0.00083664 -0.000111116 0.00309596 0.00366129 0.00238038 -0.00325284 -0.00207712 -0.0065992 -0.00625547 -0.00362297 -0.00759655
internal_weight=1.50112e+06 538303 962813 190887 139844 771926 431224 340702 291091 69705.3 247211 183875 221386 63335.8
internal_count=1932 1045 887 229 172 658 365 293 500 113 545 403 387 142
is_linear=0
shrinkage=0.05


Tree=53
num_leaves=13
num_cat=0
split_feature=20 22 19 1 3 23 1 3 22 4 13 16
split_gain=7281.58 577.924 297.804 205.847 81.5636 48.6099 47.0696 41.4358 32.9029 26.594 26.0167 14.5659
threshold=318.50000000000006 206.37500000000003 378.00000000000006 4.5000000000000009 13.500000000000002 22.375000000000004 1.5000000000000002 10.500000000000002 172.87500000000003 7.5000000000000009 45.005220179216231 221.00000000000003
decision_type=2 2 2 2 2 2 2 2 2 2 2 2
left_child=1 8 -2 6 -5 10 -4 -7 9 -1 -3 -10
right_child=2 5 3 4 -6 7 -8 -9 11 -11 -12 -13
leaf_value=-0.0077876658271043911 -0.00095029063349972263 -0.0046745851102940866 0.003963120468828722 0.00094007408962118802 0.0024725792203255303 -0.0032259256445255902 0.0030187790716564048 -0.00078472155993066168 -0.0062554825975100524 -0.0064173150982113659 -0.0032844399625086606 -0.0049874740806001103
leaf_weight=57244.0078125 56394.491943359375 41489.446960449219 225659.04309082031 142198.26245117188 222982.04864501953 35474.891937255859 318133.33239746094 34085.847351074219 56671.713287353516 93667.223480224609 179096.05615234375 38002.494720458984
leaf_count=128 77 83 184 154 199 57 273 56 128 217 304 72
internal_value=-1.88683e-05 -0.00469351 0.00257534 0.00279408 0.00187586 -0.00318256 0.00341069 -0.00202984 -0.00647852 -0.00693736 -0.00354601 -0.00574679
internal_weight=1.5011e+06 535732 965367 908973 365180 290146 543792 69560.7 245585 150911 220586 94674.2
internal_count=1932 1045 887 810 353 500 457 113 545 345 387 200
is_linear=0
shrinkage=0.05


Tree=54
num_leaves=14
num_cat=0
split_feature=19 22 14 22 4 12 22 18 12 3 18 14 14
split_gain=6943.29 552.053 294.186 226.638 96.6187 178.165 92.8957 82.3728 56.1723 34.3188 32.4259 35.0175 20.3049
threshold=317.00000000000006 206.37500000000003 108.71943312804022 455.50000000000006 6.5000000000000009 630.71428571428589 560.00000000000011 311.00000000000006 716.76785714285722 15.500000000000002 151.50000000000003 30.443485331370557 20.643866944427014
decision_type=2 2 2 2 2 2 2 2 2 2 2 2 2
left_child=1 10 4 -4 8 -6 -5 9 -2 -3 12 -12 -1
right_child=2 7 3 6 5 -7 -8 -9 -10 -11 11 -13 -14
leaf_value=-0.0063326417761798842 0.0044489650500571963 -0.00412679296937525 -0.0019600484830160705 0.00083985190390227873 0.0031122145337721869 0.00032868276546717446 0.002707558938668564 -0.0010124647268189336 0.0030937973718155633 -0.0029419052800871066 -0.0062941331293271969 -0.0042544902292751575 -0.0081520231798227396
leaf_weight=27761.202178955078 148491.17260742188 109433.54132080078 47013.015380859375 128837.84265136719 276837.43310546875 72554.675048828125 137774.51989746094 39734.392333984375 157804.93835449219 138600.25338745117 157232.93353271484 24347.930755615234 34657.675354003906
leaf_count=65 101 197 63 139 261 71 127 57 126 245 360 43 77
internal_value=-1.85817e-05 -0.00460971 0.00250013 0.00124062 0.00310256 0.0025342 0.00180504 -0.00312617 0.00375084 -0.00346476 -0.00635926 -0.00602076 -0.00734341
internal_weight=1.50108e+06 531768 969314 313625 655688 349392 266612 287768 306296 248034 244000 181581 62418.9
internal_count=1932 1044 888 329 559 332 266 499 227 442 545 403 142
is_linear=0
shrinkage=0.05


Tree=55
num_leaves=14
num_cat=0
split_feature=19 22 14 22 4 12 22 18 12 3 18 14 14
split_gain=6617.27 532.55 277.824 215.29 91.0083 168.404 87.8603 78.9399 52.8067 32.987 31.4606 33.8645 19.7421
threshold=317.00000000000006 206.37500000000003 108.71943312804022 455.50000000000006 6.5000000000000009 630.71428571428589 560.00000000000011 311.00000000000006 716.76785714285722 15.500000000000002 151.50000000000003 30.443485331370557 20.643866944427014
decision_type=2 2 2 2 2 2 2 2 2 2 2 2 2
left_child=1 10 4 -4 8 -6 -5 9 -2 -3 12 -12 -1
right_child=2 7 3 6 5 -7 -8 -9 -10 -11 11 -13 -14
leaf_value=-0.0062151588457956394 0.0043190008733513295 -0.0040411855483405944 -0.0019151844532296451 0.00081830351612698364 0.003025391382895043 0.00032041572961011869 0.0026331048865248716 -0.00098834190086804423 0.0030075453867230428 -0.0028774222253971724 -0.0061771063113138956 -0.0041667866154959333 -0.008015533927155892
leaf_weight=27585.9560546875 149153.275390625 108982.86212158203 46920.958129882812 128946.09271240234 277700.35357666016 72578.527465820312 138148.05810546875 39694.18359375 158293.90795898438 138193.10388183594 156246.39721679688 24244.562774658203 34376.293914794922
leaf_count=65 101 197 63 139 261 71 127 57 126 245 360 43 77
internal_value=-1.83008e-05 -0.00451633 0.00243186 0.00120827 0.00301602 0.00246493 0.001757 -0.00305823 0.00364384 -0.00339061 -0.00624145 -0.00590719 -0.00721456
internal_weight=1.50106e+06 529323 971741 314015 657726 350279 267094 286870 307447 247176 242453 180491 61962.2
internal_count=1932 1044 888 329 559 332 266 499 227 442 545 403 142
is_linear=0
shrinkage=0.05


Tree=56
num_leaves=15
num_cat=0
split_feature=20 22 20 21 4 16 3 22 3 22 11 15 4 16
split_gain=6309.32 517.589 257.574 135.735 103.348 118.853 47.084 93.1549 36.371 30.9815 27.6097 26.2337 25.3156 13.5842
threshold=318.50000000000006 206.37500000000003 453.50000000000006 423.50000000000006 6.5000000000000009 729.00000000000011 12.500000000000002 280.25000000000006 26.500000000000004 172.87500000000003 354.53571428571433 273.50000000000006 7.5000000000000009 221.00000000000003
decision_type=2 2 2 2 2 2 2 2 2 2 2 2 2 2
left_child=1 9 3 -2 8 -6 10 -8 -4 12 -3 -5 -1 -11
right_child=2 6 4 11 5 -7 7 -9 -10 13 -12 -13 -14 -15
leaf_value=-0.0074141372247384625 -0.0016360277663337028 -0.0043864957663339362 0.0037106111303805188 0.00085876386586045204 0.0026488900296137326 0.0005977363580696479 -0.0030519135390254413 -0.00015848153143466022 0.0024110693447290422 -0.0059054186762218155 -0.0028658866943623972 0.0023395239262614946 -0.0060633692093452797 -0.0046705802773634349
leaf_weight=56016.102508544922 48343.663269042969 69162.264495849609 255410.47821044922 69734.136962890625 392326.24291992188 86132.107116699219 130366.55862426758 35363.745727539062 68273.467651367188 55623.276031494141 52605.251037597656 52384.678649902344 91900.461547851562 37405.018585205078
leaf_count=128 70 126 204 77 371 84 238 50 37 128 86 44 217 72
internal_value=-1.80185e-05 -0.00441577 0.00237141 0.000606313 0.0027465 0.00227965 -0.00298315 -0.00243453 0.00343655 -0.00612509 -0.00372972 0.00149403 -0.00657514 -0.00540919
internal_weight=1.50105e+06 528443 972605 170462 802142 478458 287498 165730 323684 240945 121768 122119 147917 93028.3
internal_count=1932 1045 887 191 696 455 500 288 241 545 212 121 345 200
is_linear=0
shrinkage=0.05


Tree=57
num_leaves=13
num_cat=0
split_feature=19 22 14 22 22 4 12 18 12 3 14 3
split_gain=6014.62 494.29 253.706 194.362 81.7156 80.1337 155.678 74.3215 49.6052 30.5578 30.2397 20.2195
threshold=317.00000000000006 206.37500000000003 108.71943312804022 455.50000000000006 560.00000000000011 6.5000000000000009 630.71428571428589 311.00000000000006 716.76785714285722 15.500000000000002 30.443485331370557 5.5000000000000009
decision_type=2 2 2 2 2 2 2 2 2 2 2 2
left_child=1 10 5 -4 -5 8 -7 9 -2 -3 11 -1
right_child=2 7 3 4 -6 6 -8 -9 -10 -11 -12 -13
leaf_value=-0.0073987459549616046 0.0040968591743673994 -0.0038818603783388607 -0.0018400021323754661 0.00074843664370548605 0.0024952669534158253 0.0028788345335154252 0.00028109834072213516 -0.00091807714194955075 0.0028302614783063972 -0.00275803349088233 -0.0044700576284692302 -0.0060124555873579573
leaf_weight=30926.223968505859 150298.75469970703 108153.90252685547 46767.494079589844 129298.32891845703 138844.97082519531 279169.22186279297 72692.176696777344 39577.524230957031 159308.52807617188 137445.55416870117 28186.370880126953 180361.14324951172
leaf_count=74 101 197 63 139 127 261 71 57 126 245 50 421
internal_value=-1.77333e-05 -0.00433542 0.00230236 0.00113421 0.00165298 0.00285847 0.00234217 -0.00292897 0.00344519 -0.003253 -0.00601019 -0.00621554
internal_weight=1.50103e+06 524651 976379 314911 268143 661469 351861 285177 309607 245599 239474 211287
internal_count=1932 1044 888 329 266 559 332 499 227 442 545 495
is_linear=0
shrinkage=0.05


Tree=58
num_leaves=13
num_cat=0
split_feature=20 22 19 1 3 3 22 1 18 14 11 14
split_gain=5732.65 480.429 231.794 173.217 74.9877 44.7688 88.369 42.7976 30.2741 31.5168 25.6799 19.1026
threshold=318.50000000000006 206.37500000000003 378.00000000000006 4.5000000000000009 13.500000000000002 12.500000000000002 280.25000000000006 1.5000000000000002 151.50000000000003 30.443485331370557 354.53571428571433 20.643866944427014
decision_type=2 2 2 2 2 2 2 2 2 2 2 2
left_child=1 8 -2 7 -5 10 -7 -4 11 -10 -3 -1
right_child=2 5 3 4 -6 6 -8 -9 9 -11 -12 -13
leaf_value=-0.0058696451878704403 -0.00087197592894515798 -0.0042227989174255555 0.0035185617393882029 0.00070319771896011336 0.0021652515650891877 -0.0029235114231121635 -0.00010104227118002531 0.0026248616053624815 -0.0058295068747875392 -0.0038760264870850991 -0.0027516027765150278 -0.0076577344785397003
leaf_weight=27083.147521972656 56210.125610351562 68612.803619384766 229197.97290039062 143517.54541015625 225520.71697998047 129602.37591552734 35281.589782714844 322698.04418945312 153387.78634643555 23908.060485839844 52332.917724609375 33659.897735595703
leaf_count=65 77 126 184 154 199 238 50 273 360 43 86 77
internal_value=-1.74488e-05 -0.00423754 0.00224504 0.0024353 0.00159668 -0.00285566 -0.00231959 0.00299604 -0.00589676 -0.0055662 -0.00358636 -0.00686104
internal_weight=1.50101e+06 523869 977144 920934 369038 285830 164884 551896 238039 177296 120946 60743
internal_count=1932 1045 887 810 353 500 288 457 545 403 212 142
is_linear=0
shrinkage=0.05


Tree=59
num_leaves=14
num_cat=0
split_feature=19 20 14 22 23 12 3 22 14 19 21 3 3
split_gain=5468.63 459.121 231.987 176.554 93.1021 75.6915 111.821 68.1532 60.6443 60.0498 22.3395 20.2723 9.72332
threshold=317.00000000000006 209.00000000000003 108.71943312804022 480.87500000000006 22.375000000000004 716.76785714285722 14.500000000000002 656.00000000000011 28.528408153141772 684.00000000000011 242.50000000000003 5.5000000000000009 16.500000000000004
decision_type=2 2 2 2 2 2 2 2 2 2 2 2 2
left_child=1 8 5 -4 10 7 -7 -2 11 -5 -3 -1 -10
right_child=2 4 3 9 -6 6 -8 -9 12 -11 -12 -13 -14
leaf_value=-0.0073974393426445677 0.0025777384784914977 -0.0038030547325483516 -0.0010123245157672674 0.0012500592116207758 -0.00097694222174144938 9.5257986792062816e-05 0.0026688159514191372 0.0038213765673317762 -0.0037908789866299892 0.0030285562319749466 -0.0027773751620481426 -0.0059498800235911458 -0.0050712516122192915
leaf_weight=28701.715118408203 282465.93469238281 95174.746765136719 77264.277038574219 173094.65289306641 58219.580139160156 60099.57275390625 141779.20544433594 180672.56829833984 34091.568084716797 65395.584594726562 120289.73248291016 157331.51837158203 26414.976165771484
leaf_count=70 257 185 99 173 92 57 111 134 70 57 208 376 43
internal_value=-1.7162e-05 -0.00416103 0.00218085 0.00106484 -0.00275115 0.00271073 0.00190269 0.00306292 -0.00572605 0.00173779 -0.00323052 -0.00617341 -0.00435022
internal_weight=1.501e+06 520224 980772 315755 273684 665017 201879 463139 246540 238490 215464 186033 60506.5
internal_count=1932 1044 888 329 485 559 168 391 559 230 393 446 113
is_linear=0
shrinkage=0.05


Tree=60
num_leaves=14
num_cat=0
split_feature=20 20 20 21 1 3 3 23 14 15 3 18 3
split_gain=5211.36 446.141 211.765 114.703 88.7907 197.815 78.5706 61.4218 58.6287 22.6654 19.6649 18.4763 9.37165
threshold=318.50000000000006 209.00000000000003 453.50000000000006 423.50000000000006 3.5000000000000004 6.5000000000000009 14.500000000000002 22.375000000000004 28.528408153141772 273.50000000000006 5.5000000000000009 211.50000000000003 16.500000000000004
decision_type=2 2 2 2 2 2 2 2 2 2 2 2 2
left_child=1 8 3 -2 6 -6 -4 11 10 -5 -1 -3 -10
right_child=2 7 4 9 5 -7 -8 -9 12 -11 -12 -13 -14
leaf_value=-0.0072680330687470047 -0.0015407635971535093 -0.0038450381757747969 0.0036842542388990651 0.00074856591589921994 -0.00066116084754127169 0.0024145029989929897 0.0023333598258076312 -0.0012265728347322202 -0.0037109854022511473 0.0021204888416513769 -0.0058372186320886296 -0.0027924387831020046 -0.0049708183712193991
leaf_weight=28490.179016113281 48145.8876953125 56373.080810546875 198552.10900878906 70034.596008300781 62718.030883789062 314005.03924560547 235168.37475585938 57399.330200195312 33962.575988769531 52810.477905273438 156398.19641113281 160639.29455566406 26281.358062744141
leaf_count=70 70 115 162 77 63 275 196 92 70 44 376 279 43
internal_value=-1.68792e-05 -0.00406614 0.00212669 0.000527701 0.00246405 0.00190245 0.00295182 -0.00268124 -0.00561637 0.00133841 -0.00605789 -0.00306595 -0.00426095
internal_weight=1.50098e+06 519544 981435 170991 810444 376723 433720 274412 245132 122845 184888 217012 60243.9
internal_count=1932 1045 887 191 696 338 358 486 559 121 446 394 113
is_linear=0
shrinkage=0.05


Tree=61
num_leaves=15
num_cat=0
split_feature=19 22 14 15 21 4 12 18 12 19 18 14 3 4
split_gain=4969.13 425.625 213.115 163.124 117.538 71.9097 141.419 65.8009 44.3537 36.016 29.1751 28.6508 28.1662 19.0519
threshold=317.00000000000006 206.37500000000003 108.71943312804022 273.50000000000006 423.50000000000006 6.5000000000000009 630.71428571428589 311.00000000000006 716.76785714285722 684.00000000000011 151.50000000000003 30.443485331370557 15.500000000000002 7.5000000000000009
decision_type=2 2 2 2 2 2 2 2 2 2 2 2 2 2
left_child=1 10 5 4 -4 8 -7 12 -2 -5 13 -12 -3 -1
right_child=2 7 3 9 -6 6 -8 -9 -10 -11 11 -13 -14 -15
leaf_value=-0.0073812903679183533 0.0037362238407763651 -0.0035990191962183139 -0.0024393231247029582 0.0014969780650038054 0.00069093110863848307 0.0025928211917567337 0.00012565430430102099 -0.0007868764181220378 0.0025454238007516275 0.0030060405010263243 -0.0054948246510162155 -0.003620322760846686 -0.0025134080387258758 -0.0055882534983799524
leaf_weight=31083.990386962891 152196.31945800781 106712.9501953125 43263.861389160156 115476.40185546875 97704.523620605469 282081.02099609375 73145.007141113281 39361.520629882812 160966.20825195312 60139.364013671875 150732.53240966797 23619.755310058594 135938.82736206055 28539.178894042969
leaf_count=72 101 197 66 102 111 261 71 57 126 50 360 43 245 70
internal_value=-1.65971e-05 -0.00399139 0.00206565 0.000996981 -0.000269811 0.00257182 0.00208481 -0.0026833 0.0031242 0.00201383 -0.00556796 -0.00524099 -0.0029909 -0.00652358
internal_weight=1.50096e+06 515989 984973 316584 140968 668389 355226 282013 313163 175616 233975 174352 242652 59623.2
internal_count=1932 1044 888 329 177 559 332 499 227 152 545 403 442 142
is_linear=0
shrinkage=0.05


Tree=62
num_leaves=15
num_cat=0
split_feature=19 20 14 15 21 23 12 19 22 14 19 21 1 3
split_gain=4734.89 411.535 201.512 154.696 112.005 84.3005 68.2043 102.293 59.8056 55.1282 34.0234 20.4169 19.3273 8.9135
threshold=317.00000000000006 209.00000000000003 108.71943312804022 273.50000000000006 423.50000000000006 22.375000000000004 716.76785714285722 707.00000000000011 656.00000000000011 28.528408153141772 684.00000000000011 242.50000000000003 1.0000000180025095e-35 16.500000000000004
decision_type=2 2 2 2 2 2 2 2 2 2 2 2 2 2
left_child=1 9 6 4 -4 11 8 -8 -2 12 -5 -3 -1 -11
right_child=2 5 3 10 -6 -7 7 -9 -10 13 -12 -13 -14 -15
leaf_value=-0.0044905121775350269 0.0023809165506521648 -0.0035805418441418099 -0.0023846465167492508 0.0014575994250649042 0.00067330540693994693 -0.00088009591047602867 0.00010873607457820158 0.0025099000285668761 0.0035407791779079011 -0.0035477026274706516 0.0029224990799374237 -0.0025953355812451391 -0.0060333903777421375 -0.004781635247902591
leaf_weight=23348.909515380859 284509.15716552734 94178.042419433594 43158.455261230469 115649.39752197266 97772.053894042969 57984.129577636719 65428.003601074219 137713.28735351562 182459.58251953125 33701.959655761719 60320.4169921875 119304.82312011719 159383.04696655273 26033.302337646484
leaf_count=56 257 185 66 102 111 92 57 111 134 70 50 208 390 43
internal_value=-1.63179e-05 -0.00390809 0.00201013 0.000971214 -0.000263211 -0.00257084 0.00250143 0.00173655 0.00283414 -0.00540519 0.00195982 -0.00303003 -0.00583637 -0.00408582
internal_weight=1.50094e+06 513934 987010 316900 140931 271467 670110 203141 466969 242467 175970 213483 182732 59735.3
internal_count=1932 1044 888 329 177 485 559 168 391 559 152 393 446 113
is_linear=0
shrinkage=0.05


Tree=63
num_leaves=15
num_cat=0
split_feature=20 20 14 15 14 13 14 23 14 19 21 3 23 3
split_gain=4513.28 399.216 183.995 142.066 72.6025 85.8615 68.9268 54.791 53.2461 33.5324 32.9882 19.2661 18.5273 8.58416
threshold=318.50000000000006 209.00000000000003 104.77764573544304 273.50000000000006 88.160100169390844 56.241235306854108 122.66312220884193 22.375000000000004 28.528408153141772 684.00000000000011 748.00000000000011 5.5000000000000009 7.8750000000000009 16.500000000000004
decision_type=2 2 2 2 2 2 2 2 2 2 2 2 2 2
left_child=1 8 4 6 5 -2 -4 12 11 -5 -6 -1 -3 -10
right_child=2 7 3 9 10 -7 -8 -9 13 -11 -12 -13 -14 -15
leaf_value=-0.0069342912802651466 0.0023959901706375277 -0.002661855079274343 0.00088812247390456433 0.0014675145849187355 0.0026563840376250909 0.00049435571841251517 -0.0012218617329429486 -0.0011302475696747759 -0.0034720791288619102 0.002867551269926787 0.0037559604875764749 -0.0055050668581134582 -0.0038981451823877676 -0.004685563754416369
leaf_weight=27958.743499755859 240492.97601318359 178561.25704956055 83542.157348632812 124388.9345703125 225012.47955322266 78814.355895996094 72108.591613769531 57166.008972167969 33582.607177734375 65195.345947265625 97951.893981933594 153709.87600708008 36533.388580322266 25909.117706298828
leaf_count=70 210 326 99 114 185 72 91 92 70 54 62 376 68 43
internal_value=-1.60395e-05 -0.00381852 0.00196094 0.00103002 0.00246132 0.00192663 -8.93814e-05 -0.00250625 -0.00529993 0.00194903 0.00298993 -0.00572521 -0.00287192 -0.00400091
internal_weight=1.50093e+06 513421 987507 345235 642272 319307 155651 272261 241160 189584 322964 181669 215095 59491.7
internal_count=1932 1045 887 358 529 282 190 486 559 168 247 446 394 113
is_linear=0
shrinkage=0.05


Tree=64
num_leaves=13
num_cat=0
split_feature=19 14 14 22 4 12 18 19 20 12 3 3
split_gain=4305.28 380.372 179.465 138.903 65.0532 129.492 59.808 46.1657 41.0591 37.6722 31.9974 21.4014
threshold=317.00000000000006 30.443485331370557 108.71943312804022 480.87500000000006 6.5000000000000009 630.71428571428589 311.00000000000006 684.00000000000011 209.00000000000003 716.76785714285722 15.500000000000002 5.5000000000000009
decision_type=2 2 2 2 2 2 2 2 2 2 2 2
left_child=1 8 4 -4 9 -6 10 -5 11 -2 -3 -1
right_child=2 6 3 7 5 -7 -8 -9 -10 -11 -12 -13
leaf_value=-0.0068097935485432713 0.0034512758290175236 -0.0034117381040455249 -0.00092313846506390156 0.0010895951663278012 0.0023892225293842646 3.3663096947627016e-05 -0.00070959832379919241 0.0026397516034101279 -0.0034831143698798289 0.0023584693446212276 -0.0022627888543886227 -0.0053116838790724184
leaf_weight=27765.539978027344 153729.86279296875 116440.87316894531 76976.011657714844 174166.31646728516 284191.06896972656 73415.657897949219 39235.392272949219 66321.284362792969 28272.467742919922 162073.11511230469 126472.42153930664 171850.8264465332
leaf_count=70 101 224 99 173 261 71 57 57 61 126 217 415
internal_value=-1.57601e-05 -0.00374825 0.0019055 0.000925436 0.00236751 0.00190564 -0.00252104 0.00151714 -0.00526758 0.00289048 -0.0028136 -0.00552023
internal_weight=1.50091e+06 510038 990873 317464 673410 357607 282149 240488 227889 315803 242913 199616
internal_count=1932 1044 888 329 559 332 498 230 546 227 441 485
is_linear=0
shrinkage=0.05


Tree=65
num_leaves=15
num_cat=0
split_feature=21 13 20 3 14 23 22 4 15 23 4 20 15 12
split_gain=4105.93 437.484 129.133 124.169 104.14 57.7237 53.9866 49.0529 34.2687 58.2089 26.5095 26.1472 24.3706 23.4274
threshold=357.50000000000006 49.734759153741038 681.00000000000011 5.5000000000000009 122.66312220884193 22.375000000000004 172.87500000000003 6.5000000000000009 594.50000000000011 -73.249999999999986 7.5000000000000009 214.50000000000003 237.00000000000003 716.76785714285722
decision_type=2 2 2 2 2 2 2 2 2 2 2 2 2 2
left_child=1 6 3 -2 -5 7 10 -3 9 -4 -1 -8 -7 -10
right_child=2 5 8 4 -6 12 11 -9 13 -11 -12 -13 -14 -15
leaf_value=-0.0064601292935249745 -0.00077562220499303558 -0.0012857928637179435 0.0032752755366109161 0.002064648045938559 0.00027573403706589763 -0.0017459628828490955 -0.0045365623582550437 -0.0030353365199291761 0.003868223855618635 0.0015766294378963101 -0.0050413572606902955 -0.0028354637010949372 8.7399498008669142e-05 0.0027005707586207212
leaf_weight=53106.625579833984 56393.587707519531 57788.466064453125 79349.732482910156 398195.36682128906 102244.45672607422 36629.816955566406 109388.53210449219 130702.86016845703 66934.885620117188 138442.17852783203 87153.700164794922 28511.069732666016 35877.555786132812 120175.19305419922
leaf_count=128 61 92 58 361 101 60 239 238 48 121 217 60 55 93
internal_value=-1.54823e-05 -0.00350823 0.0019426 0.00144852 0.00169916 -0.00203782 -0.00488787 -0.002499 0.00262204 0.00219557 -0.00557876 -0.00418497 -0.000838849 0.00311837
internal_weight=1.50089e+06 539159 961735 556833 500440 260999 278160 188491 404902 217792 140260 137900 72507.4 187110
internal_count=1932 1089 843 523 462 445 644 330 320 179 345 299 115 141
is_linear=0
shrinkage=0.05


Tree=66
num_leaves=14
num_cat=0
split_feature=19 22 20 3 1 3 3 18 21 18 3 14 4
split_gain=3913.52 352.771 164.095 147.269 71.8645 179.516 65.8838 54.373 49.4511 27.3433 25.7361 24.8211 18.8044
threshold=317.00000000000006 206.37500000000003 453.50000000000006 18.500000000000004 3.5000000000000004 6.5000000000000009 14.500000000000002 311.00000000000006 423.50000000000006 151.50000000000003 15.500000000000002 30.443485331370557 7.5000000000000009
decision_type=2 2 2 2 2 2 2 2 2 2 2 2 2
left_child=1 9 3 8 6 -6 -4 10 -2 12 -3 -11 -1
right_child=2 7 4 -5 5 -7 -8 -9 -10 11 -12 -13 -14
leaf_value=-0.0068562294319264201 -0.0024215132350248973 -0.0032683499838282691 0.0032009411423748139 0.0017350635224326031 -0.00083568558331849341 0.0020824412458339326 0.0019733989757104598 -0.00067267331205547449 8.9101163293319268e-05 -0.0049724116952041108 -0.0022231986042379245 -0.0032100891393255812 -0.005049825597987917
leaf_weight=30175.763031005859 40100.478942871094 105076.26898193359 201975.74621582031 94713.39013671875 63174.266662597656 317879.58715820312 238326.76318359375 39175.409790039062 38385.703247070312 146766.78723144531 134193.62609863281 23171.464874267578 27762.160705566406
leaf_count=72 63 197 162 87 63 275 196 57 42 360 245 43 70
internal_value=-1.52076e-05 -0.00359354 0.0018065 0.000407883 0.00210143 0.00159865 0.00253653 -0.00239952 -0.0011937 -0.00505243 -0.00268224 -0.00473222 -0.00599116
internal_weight=1.50088e+06 506321 994556 173200 821356 381054 440303 278445 78486.2 227876 239270 169938 57937.9
internal_count=1932 1044 888 192 696 338 358 499 105 545 442 403 142
is_linear=0
shrinkage=0.05


Tree=67
num_leaves=15
num_cat=0
split_feature=20 14 14 15 12 19 14 3 22 22 20 1 19 3
split_gain=3729.01 343.08 153.033 120.58 65.956 92.8085 63.7148 47.6992 42.4626 41.3515 37.826 35.8354 27.9668 21.0324
threshold=318.50000000000006 30.443485331370557 104.77764573544304 273.50000000000006 716.76785714285722 728.50000000000011 122.66312220884193 22.500000000000004 656.00000000000011 271.87500000000006 209.00000000000003 3.5000000000000004 684.00000000000011 5.5000000000000009
decision_type=2 2 2 2 2 2 2 2 2 2 2 2 2 2
left_child=1 10 4 6 8 -6 -4 11 -2 -9 13 -3 -5 -1
right_child=2 7 3 12 5 -7 -8 9 -10 -11 -12 -13 -14 -15
leaf_value=-0.0065019617676670867 0.0021489468721909333 -0.0024656755165845517 0.00082032536037171229 0.0013177782374987907 0.0002562924140489957 0.0024029172652495511 -0.0012074105511245897 -0.0023608729676097874 0.0031435103595740012 -0.00013125237436917474 -0.0032461091689789689 -0.0042561488133984115 0.0025909029601800491 -0.0050045282691426659
leaf_weight=27299.096099853516 260175.00665283203 163955.28530883789 83762.990478515625 125101.30163574219 88702.024597167969 116460.37054443359 72064.474243164062 45767.477111816406 182759.087890625 38110.656921386719 27961.951873779297 33699.994506835938 65853.16748046875 169188.16900634766
leaf_count=70 229 302 99 114 75 93 91 74 132 57 61 66 54 415
internal_value=-1.49371e-05 -0.00350965 0.00176244 0.000914666 0.00221605 0.00147485 -0.000117437 -0.00234708 0.00255934 -0.0013479 -0.00496781 -0.00277105 0.00175689 -0.00521274
internal_weight=1.50086e+06 505983 994878 346782 648096 205162 155827 281533 442934 83878.1 224449 197655 190954 196487
internal_count=1932 1045 887 358 529 168 190 499 361 131 546 368 168 485
is_linear=0
shrinkage=0.05


Tree=68
num_leaves=15
num_cat=0
split_feature=19 20 14 3 20 23 12 3 19 14 22 1 21 3
split_gain=3559.36 326.079 149.624 127.873 113.141 71.4096 57.2201 89.2031 51.7357 45.9012 45.1502 18.9967 16.9409 7.55721
threshold=317.00000000000006 209.00000000000003 108.71943312804022 12.500000000000002 427.00000000000006 22.375000000000004 716.76785714285722 14.500000000000002 608.00000000000011 28.528408153141772 656.00000000000011 4.5000000000000009 242.50000000000003 16.500000000000004
decision_type=2 2 2 2 2 2 2 2 2 2 2 2 2 2
left_child=1 9 6 4 -4 12 10 -8 -5 11 -2 -1 -3 -11
right_child=2 5 3 8 -6 -7 7 -9 -10 13 -12 -13 -14 -15
leaf_value=-0.0048712432924355939 0.0020432468943331642 -0.0031854299217028478 -0.0026872594879438837 0.001015663586545988 0.00067236740213899679 -0.00069058767448352805 -0.00017186650728880361 0.0021110632811471935 0.0027154592817099418 -0.0030865577033190148 0.0030431640888026966 -0.0060124463734493117 -0.0022805895238443515 -0.0042365376832221727
leaf_weight=125195.14785766602 288084.25335693359 92458.7138671875 40155.386474609375 147743.90454101562 66643.856811523438 57528.868225097656 60750.712585449219 144714.60070800781 64226.3818359375 32987.063018798828 185717.17755126953 51655.163360595703 117639.43621826172 25344.058197021484
leaf_count=312 257 185 62 148 71 92 57 111 48 70 134 134 208 43
internal_value=-1.46671e-05 -0.00344517 0.00171362 0.000819928 -0.000590883 -0.00225148 0.00213301 0.00143607 0.00153075 -0.00480346 0.00243522 -0.00520473 -0.00267885 -0.00358653
internal_weight=1.50084e+06 502808 998036 318770 106799 267627 679267 205465 211970 235181 473801 176850 210098 58331.1
internal_count=1932 1044 888 329 133 485 559 168 196 559 391 446 393 113
is_linear=0
shrinkage=0.05


Tree=69
num_leaves=13
num_cat=0
split_feature=21 20 14 1 3 3 23 14 20 15 3 9
split_gain=3394.78 275.931 221.897 110.884 86.5897 62.7662 38.1237 35.9763 35.065 30.8868 20.317 11.0895
threshold=301.00000000000006 318.50000000000006 30.443485331370557 3.5000000000000004 6.5000000000000009 14.500000000000002 -6.2499999999999991 114.01321089207185 209.00000000000003 218.00000000000003 5.5000000000000009 269.00000000000006
decision_type=2 2 2 2 2 2 2 2 2 2 2 2
left_child=2 11 8 5 -5 -3 9 -8 10 -4 -1 -2
right_child=1 3 6 4 -6 -7 7 -9 -10 -11 -12 -13
leaf_value=-0.0062841198424875558 -0.00096306607541629782 0.0029755096924559861 -0.0027071875487989228 -0.00025088451088300993 0.0015295183950937517 0.0017953730198579554 -0.0026990472562403861 -0.0010111383781912168 -0.0031094685196299205 -0.0046339841302423038 -0.004803914807862208 -0.0022639621446330555
leaf_weight=26978.366668701172 33561.009887695312 203613.33367919922 68409.353363037109 80550.172119140625 448701.34686279297 252332.69738769531 74877.6796875 54593.041442871094 27786.009826660156 29909.332214355469 167493.1953125 32023.092346191406
leaf_count=70 50 162 121 84 410 210 146 97 61 55 415 51
internal_value=-1.44011e-05 0.00154186 -0.00364798 0.00175091 0.00125855 0.00232242 -0.00255121 -0.00198738 -0.00477196 -0.00329354 -0.00500941 -0.00159839
internal_weight=1.50083e+06 1.05078e+06 450047 985198 529252 455946 227789 129471 222258 98318.7 194472 65584.1
internal_count=1932 967 965 866 494 372 419 243 546 176 485 101
is_linear=0
shrinkage=0.05


Tree=70
num_leaves=14
num_cat=0
split_feature=21 20 22 20 14 23 14 15 15 18 14 4 9
split_gain=3235.34 261.955 213.894 105.349 81.7088 32.9874 36.5206 30.9495 30.9114 25.9517 21.3998 18.7618 10.5976
threshold=301.00000000000006 318.50000000000006 206.37500000000003 681.00000000000011 124.70965275539184 -9.3749999999999982 114.01321089207185 218.00000000000003 594.50000000000011 151.50000000000003 30.443485331370557 7.5000000000000009 269.00000000000006
decision_type=2 2 2 2 2 2 2 2 2 2 2 2 2
left_child=2 12 9 4 -3 7 -7 -4 -5 11 -11 -1 -2
right_child=1 3 5 8 -6 6 -8 -9 -10 10 -12 -13 -14
leaf_value=-0.0064639605504542607 -0.00094007367268482845 0.0014949202471959305 -0.0025723447681683179 0.0019148348592771176 -0.00029911768562251211 -0.0026661896310194665 -0.00098704499486834728 -0.0045401980592776371 0.0027863224662296512 -0.0045773233158669753 -0.0029296403660504311 -0.0046409993173023049 -0.0022128252375259766
leaf_weight=29531.124420166016 33528.704406738281 504896.54736328125 60855.074157714844 220078.14739990234 72589.749145507812 79735.687347412109 54537.867919921875 29771.053894042969 189359.91497802734 143903.46499633789 22874.664581298828 27199.856567382812 31950.675537109375
leaf_count=72 50 466 116 179 80 152 97 55 141 360 43 70 51
internal_value=-1.41349e-05 0.00150121 -0.0035706 0.00170441 0.00126941 -0.00248186 -0.00198423 -0.00321901 0.00231792 -0.00466603 -0.00435143 -0.00559042 -0.00156123
internal_weight=1.50081e+06 1.0524e+06 448409 986924 577486 224900 134274 90626.1 409438 223509 166778 56731 65479.4
internal_count=1932 967 965 866 546 420 249 171 320 545 403 142 101
is_linear=0
shrinkage=0.05


Tree=71
num_leaves=13
num_cat=0
split_feature=21 18 14 20 14 3 23 20 14 3 15 3
split_gain=3083.28 249.972 205.85 100.923 88.3103 47.1333 35.1182 33.2114 32.7225 29.1961 28.5788 19.7017
threshold=301.00000000000006 346.50000000000006 30.443485331370557 681.00000000000011 122.66312220884193 16.500000000000004 -6.2499999999999991 209.00000000000003 114.01321089207185 6.5000000000000009 218.00000000000003 5.5000000000000009
decision_type=2 2 2 2 2 2 2 2 2 2 2 2
left_child=2 5 7 4 -3 -2 10 11 -8 -5 -4 -1
right_child=1 3 6 9 -6 -7 8 -9 -10 -11 -12 -13
leaf_value=-0.0060781508257258402 -0.0025321298970769146 0.0015633368135318671 -0.002587027115697943 0.0015472123201792851 -2.6822310102122239e-05 -0.00014931598404843856 -0.0025760874675311045 -0.0029601903258784827 -0.00096350216500507957 0.0025362210210540647 -0.004447887841726614 -0.0046127013503790785
leaf_weight=26681.971710205078 35115.770080566406 456202.49932861328 68039.754333496094 98819.013122558594 107976.12445068359 50732.369750976562 74463.915710449219 27596.308532714844 54484.063842773438 305139.63928222656 29636.193359375 165908.95510864258
leaf_count=70 54 417 121 78 105 78 146 61 97 235 55 415
internal_value=-1.38711e-05 0.0014617 -0.00349459 0.001691 0.001259 -0.00112409 -0.00243664 -0.00458338 -0.00189479 0.00229431 -0.00315184 -0.00481588
internal_weight=1.5008e+06 1.05399e+06 446811 968137 564179 85848.1 226624 220187 128948 403959 97675.9 192591
internal_count=1932 967 965 835 522 132 419 546 243 313 176 485
is_linear=0
shrinkage=0.05


Tree=72
num_leaves=14
num_cat=0
split_feature=21 20 22 1 3 3 23 14 15 18 23 4 9
split_gain=2938.26 238.803 198.793 98.6006 82.9459 58.6126 30.1853 33.2418 28.7777 24.966 20.9665 18.3448 9.86508
threshold=301.00000000000006 318.50000000000006 206.37500000000003 3.5000000000000004 6.5000000000000009 14.500000000000002 -9.3749999999999982 114.01321089207185 218.00000000000003 151.50000000000003 -2.1249999999999996 7.5000000000000009 269.00000000000006
decision_type=2 2 2 2 2 2 2 2 2 2 2 2 2
left_child=2 12 9 5 -5 -3 8 -8 -4 11 -11 -1 -2
right_child=1 3 6 4 -6 -7 7 -9 -10 10 -12 -13 -14
leaf_value=-0.0062621020821259825 -0.00090533246211516776 0.0027821399598429715 -0.0024520820938396582 -0.00032250111853808809 0.001417316064222683 0.0016453624947105853 -0.0025451964241137905 -0.00094049851011409355 -0.0043570472861624533 -0.0035440180134924098 -0.004677662426130943 -0.0044505004667588412 -0.0021348294726250073
leaf_weight=29210.013946533203 33480.008056640625 205039.32629394531 60527.990844726562 80785.580139160156 450619.53369140625 253762.49151611328 79302.727478027344 54431.593444824219 29504.667785644531 73745.113006591797 91585.359313964844 26945.548431396484 31840.850524902344
leaf_count=72 50 162 116 84 410 210 152 97 55 172 231 70 51
internal_value=-1.36103e-05 0.00142328 -0.00341993 0.00161645 0.00115282 0.00215342 -0.00236874 -0.00189212 -0.00307657 -0.00448186 -0.00417213 -0.0053933 -0.00150477
internal_weight=1.50078e+06 1.05553e+06 445253 990207 531405 458802 223767 133734 90032.7 221486 165330 56155.6 65320.9
internal_count=1932 967 965 866 494 372 420 249 171 545 403 142 101
is_linear=0
shrinkage=0.05


Tree=73
num_leaves=15
num_cat=0
split_feature=19 20 14 3 23 23 12 19 19 4 14 3 19 23
split_gain=2800.3 270.613 124.513 110.55 97.3054 62.4483 55.9216 82.8185 46.1808 39.9399 38.5646 18.7781 14.1558 6.29267
threshold=317.00000000000006 209.00000000000003 108.71943312804022 12.500000000000002 -12.624999999999998 22.375000000000004 716.76785714285722 728.50000000000011 608.00000000000011 6.5000000000000009 28.528408153141772 25.500000000000004 257.00000000000006 -2.1249999999999996
decision_type=2 2 2 2 2 2 2 2 2 2 2 2 2 2
left_child=1 10 6 4 -4 12 9 -8 -5 -2 11 -1 -3 -12
right_child=2 5 3 8 -6 -7 7 -9 -10 -11 13 -13 -14 -15
leaf_value=-0.0050109786807624613 0.0028318037427295622 -0.0020908475858805431 0.00055531481704440154 0.00085902783787327212 -0.0025521524589607603 -0.00054023767730671782 4.8182174142514076e-05 0.0020657454431226604 0.0024582546154720973 0.0018589628870506792 -0.0037577747386907546 -0.0037798310439643868 -0.0029471189877554147 -0.0027085195150922947
leaf_weight=132015.01193237305 157172.76995849609 131042.39712524414 66338.878234863281 148644.81127929688 40609.538818359375 57172.731567382812 89444.096252441406 117920.45001220703 64831.809326171875 321129.28869628906 28182.846038818359 40585.961181640625 76504.184936523438 29170.466979980469
leaf_count=342 101 255 74 148 59 92 75 93 48 290 49 104 138 64
internal_value=-1.33529e-05 -0.00309351 0.0015011 0.00068741 -0.00062469 -0.00200349 0.00188135 0.00119552 0.00134475 0.00217867 -0.00434826 -0.0047216 -0.00240654 -0.0032244
internal_weight=1.50077e+06 494674 1.00609e+06 320425 106948 264719 685667 207365 213477 478302 229954 172601 207547 57353.3
internal_count=1932 1044 888 329 133 485 559 168 196 391 559 446 393 113
is_linear=0
shrinkage=0.05


Tree=74
num_leaves=13
num_cat=0
split_feature=21 18 14 20 12 3 23 20 14 3 15 3
split_gain=2672.56 214.882 184.519 91.3599 83.1298 45.3804 31.8904 29.532 29.2246 28.0464 26.7038 18.9232
threshold=301.00000000000006 346.50000000000006 30.443485331370557 681.00000000000011 709.00000000000011 16.500000000000004 -6.2499999999999991 209.00000000000003 114.01321089207185 6.5000000000000009 218.00000000000003 5.5000000000000009
decision_type=2 2 2 2 2 2 2 2 2 2 2 2
left_child=2 5 7 4 -3 -2 10 11 -8 -5 -4 -1
right_child=1 3 6 9 -6 -7 8 -9 -10 -11 -12 -13
leaf_value=-0.0057843283665697139 -0.0024361975273034008 0.0013851412495603436 -0.0024108303236181489 0.0014039879835033462 -0.00042026693544586137 -9.4077043441812621e-05 -0.0024029454234938095 -0.0027798313388864727 -0.00087485785841108108 0.0023706029453231768 -0.0042187564904568884 -0.004337246376536397
leaf_weight=26270.248840332031 34965.311218261719 493285.01983642578 67504.959106445312 99358.557312011719 73221.831909179688 50619.062805175781 73888.980255126953 27370.536773681641 54282.425109863281 306997.64312744141 29306.666107177734 163678.72875976562
leaf_count=70 54 460 121 78 62 78 146 61 97 235 55 415
internal_value=-1.31004e-05 0.00135087 -0.00327711 0.00156217 0.00115179 -0.00105103 -0.00227332 -0.00431622 -0.00175584 0.00213428 -0.00295831 -0.00453753
internal_weight=1.50075e+06 1.05845e+06 442303 972863 566507 85584.4 224983 217320 128171 406356 96811.6 189949
internal_count=1932 967 965 835 522 132 419 546 243 313 176 485
is_linear=0
shrinkage=0.05


Tree=75
num_leaves=12
num_cat=0
split_feature=21 20 16 1 3 3 23 3 1 3 9
split_gain=2546.57 206.324 177.641 87.2889 77.1945 54.1091 32.1176 25.7492 25.4399 21.1619 9.06622
threshold=301.00000000000006 318.50000000000006 238.50000000000003 3.5000000000000004 6.5000000000000009 14.500000000000002 -21.624999999999996 5.5000000000000009 1.0000000180025095e-35 15.500000000000002 269.00000000000006
decision_type=2 2 2 2 2 2 2 2 2 2 2
left_child=2 10 7 5 -5 -3 -4 -1 -9 -8 -2
right_child=1 3 6 4 -6 -7 9 8 -10 -11 -12
leaf_value=-0.0056738681071244676 -0.00083713371264226085 0.0025993138092773246 -0.003508609022164837 -0.00036404897992940342 0.0013126474154417762 0.001510337305556357 -0.0023901477064646949 -0.0027029705714250191 -0.0042508491216622082 -0.0012962908375393875 -0.0020181567151773012
leaf_weight=26118.731658935547 33384.825500488281 206406.05755615234 38118.737182617188 80922.782104492188 452423.77362060547 255063.38500976562 100857.95516967773 31664.484741210938 165325.29901123047 78770.733093261719 31677.967529296875
leaf_count=70 50 162 69 84 410 210 192 77 420 137 51
internal_value=-1.28484e-05 0.00131551 -0.00320639 0.00149392 0.00105825 0.00199744 -0.00219035 -0.00419795 -0.00400212 -0.00191052 -0.00141226
internal_weight=1.50073e+06 1.05988e+06 440856 994816 533347 461469 217747 223109 196990 179629 65062.8
internal_count=1932 967 965 866 494 372 398 567 497 329 101
is_linear=0
shrinkage=0.05


Tree=76
num_leaves=14
num_cat=0
split_feature=21 20 22 20 12 15 23 14 15 18 23 4 9
split_gain=2426.43 195.932 171.517 82.7819 75.5943 27.3469 26.3845 29.8331 27.0514 23.6645 19.4966 18.212 8.65915
threshold=301.00000000000006 318.50000000000006 206.37500000000003 681.00000000000011 709.00000000000011 594.50000000000011 -9.3749999999999982 114.01321089207185 218.00000000000003 151.50000000000003 -2.1249999999999996 7.5000000000000009 269.00000000000006
decision_type=2 2 2 2 2 2 2 2 2 2 2 2 2
left_child=2 12 9 4 -3 -5 8 -8 -4 11 -11 -1 -2
right_child=1 3 6 5 -6 -7 7 -9 -10 10 -12 -13 -14
leaf_value=-0.0059035579798019256 -0.00081704366029442552 0.001286271277602463 -0.0022159911668210379 0.00161755592787586 -0.00043164390291389849 0.0024322880302768486 -0.0023333489812496235 -0.00080772849714218469 -0.0040745922404498798 -0.0032199759871372698 -0.0043219521722270777 -0.0040821119826694131 -0.0019720810735600245
leaf_weight=28656.541198730469 33356.889892578125 508676.42279052734 59896.003875732422 222552.02313232422 73255.978576660156 191819.11999511719 78555.874603271484 54130.715393066406 29103.063415527344 72639.193481445312 89996.676513671875 26467.011199951172 31614.101196289062
leaf_count=72 50 484 116 179 62 141 152 97 55 172 231 70 51
internal_value=-1.25984e-05 0.00128113 -0.00313697 0.00145462 0.00107001 0.00199473 -0.00215787 -0.00171101 -0.00282396 -0.00413365 -0.00382988 -0.00502946 -0.00137918
internal_weight=1.50072e+06 1.06127e+06 439445 996304 581932 414371 221686 132687 88999.1 217759 162636 55123.6 64971
internal_count=1932 967 965 866 546 320 420 249 171 545 403 142 101
is_linear=0
shrinkage=0.05


Tree=77
num_leaves=15
num_cat=0
split_feature=19 20 14 3 23 23 12 19 19 4 14 3 19 23
split_gain=2312.43 231.92 112.015 97.361 87.1887 55.7036 52.9565 74.9514 42.3361 36.0796 33.7286 17.7783 13.2062 6.07898
threshold=317.00000000000006 209.00000000000003 108.71943312804022 12.500000000000002 -12.624999999999998 22.375000000000004 716.76785714285722 728.50000000000011 608.00000000000011 6.5000000000000009 28.528408153141772 25.500000000000004 257.00000000000006 -2.1249999999999996
decision_type=2 2 2 2 2 2 2 2 2 2 2 2 2 2
left_child=1 10 6 4 -4 12 9 -8 -5 -2 11 -1 -3 -12
right_child=2 5 3 8 -6 -7 7 -9 -10 -11 13 -13 -14 -15
leaf_value=-0.0046467562313739887 0.0026176359617196858 -0.0019023120429020547 0.00046238812918619635 0.00073137115675145413 -0.002480018520493163 -0.00044121173814471424 -4.4668959656412218e-05 0.0018696100425132801 0.0022574875724629059 0.001696345234734165 -0.0034802752885221538 -0.0034390084234161081 -0.0027331406347912315 -0.0024427378749314666
leaf_weight=129632.52105712891 158399.2265625 129964.75219726562 66582.639404296875 149387.20703125 40478.452087402344 56940.56591796875 89779.201049804688 118786.75280761719 65312.3798828125 323098.02856445312 27816.45361328125 39939.203155517578 75763.272613525391 28824.084594726562
leaf_count=342 101 255 74 148 59 92 75 93 48 290 49 104 138 64
internal_value=-1.23525e-05 -0.00283597 0.00135193 0.000581491 -0.000650163 -0.00182528 0.00171117 0.00104561 0.00119566 0.00199945 -0.00400947 -0.00436241 -0.00220834 -0.00295254
internal_weight=1.5007e+06 488881 1.01182e+06 321761 107061 262669 690063 208566 214700 481497 226212 169572 205728 56640.5
internal_count=1932 1044 888 329 133 485 559 168 196 391 559 446 393 113
is_linear=0
shrinkage=0.05


Tree=78
num_leaves=13
num_cat=0
split_feature=21 18 14 20 14 3 23 3 14 20 15 21
split_gain=2206.15 177.13 159.154 78.2978 79.8678 44.0217 28.4376 26.6048 25.8992 25.7109 24.8112 18.6124
threshold=301.00000000000006 346.50000000000006 30.443485331370557 681.00000000000011 122.66312220884193 16.500000000000004 -6.2499999999999991 6.5000000000000009 114.01321089207185 209.00000000000003 218.00000000000003 138.50000000000003
decision_type=2 2 2 2 2 2 2 2 2 2 2 2
left_child=2 5 9 4 -3 -2 10 -5 -8 11 -4 -1
right_child=1 3 6 7 -6 -7 8 -9 -10 -11 -12 -13
leaf_value=-0.0029578276458564201 -0.0023368505963358723 0.0013151089277848524 -0.0021905928247315863 0.0012251446376269682 -0.00019168897295204299 -2.5742099807911493e-05 -0.0021921200758247593 0.0021632607789854774 -0.00074856814000700709 -0.002538037003698704 -0.0039438851658298024 -0.0043905685773966844
leaf_weight=26454.499572753906 34810.851135253906 460533.96435546875 66848.197479248047 100040.61126708984 108698.70025634766 50479.591064453125 73200.786773681641 309355.87176513672 53997.717407226562 27073.592407226562 28920.897216796875 160274.94879150391
leaf_count=70 54 417 121 78 105 78 146 235 97 61 55 415
internal_value=-1.21125e-05 0.00121622 -0.00300415 0.00140667 0.00102738 -0.000969091 -0.00206944 0.00193404 -0.00157936 -0.00397885 -0.00272024 -0.00418767
internal_weight=1.50069e+06 1.06392e+06 436771 978629 569233 85290.4 222968 409396 127199 213803 95769.1 186729
internal_count=1932 967 965 835 522 132 419 313 243 546 176 485
is_linear=0
shrinkage=0.05


Tree=79
num_leaves=11
num_cat=0
split_feature=21 19 16 14 15 4 23 3 1 3
split_gain=2101.85 170.828 152.984 81.2544 88.6586 55.3952 29.1161 24.2167 23.6853 19.7404
threshold=301.00000000000006 302.50000000000006 238.50000000000003 117.51647914667284 273.50000000000006 6.5000000000000009 -21.624999999999996 5.5000000000000009 1.0000000180025095e-35 15.500000000000002
decision_type=2 2 2 2 2 2 2 2 2 2
left_child=2 -2 7 5 -5 -3 -4 -1 -9 -8
right_child=1 3 6 4 -6 -7 9 8 -10 -11
leaf_value=-0.0053126364449809929 -0.0014678833431653567 0.0020765842607347687 -0.0032561619924975902 -0.00090622864802874289 0.0011714036150578407 0.0012178035080510317 -0.0021916299905475364 -0.0024153170125316707 -0.0039188276933948872 -0.001131049884432163
leaf_weight=25635.209777832031 57426.440826416016 330195.38568115234 37672.615295410156 73897.690368652344 168245.56689453125 435449.75012207031 99973.450805664062 31258.049072265625 162700.14147949219 78221.450866699219
leaf_count=70 96 232 69 91 141 407 192 77 420 137
internal_value=-1.18731e-05 0.00118455 -0.00293851 0.00133569 0.000537343 0.00158818 -0.00199321 -0.0038677 -0.00367659 -0.00172612
internal_weight=1.50068e+06 1.06521e+06 435461 1.00779e+06 242143 765645 215868 219593 193958 178195
internal_count=1932 967 965 871 232 639 398 567 497 329
is_linear=0
shrinkage=0.05


Tree=80
num_leaves=12
num_cat=0
split_feature=21 19 22 14 15 4 15 3 18 23 4
split_gain=2002.4 162.279 147.69 76.9997 84.2427 52.4175 23.8989 32.8044 22.4762 18.1738 17.7583
threshold=301.00000000000006 302.50000000000006 206.37500000000003 117.51647914667284 273.50000000000006 6.5000000000000009 241.00000000000003 10.500000000000002 151.50000000000003 -2.1249999999999996 7.5000000000000009
decision_type=2 2 2 2 2 2 2 2 2 2 2
left_child=2 -2 8 5 -5 -3 7 -4 10 -10 -1
right_child=1 3 6 4 -6 -7 -8 -9 9 -11 -12
leaf_value=-0.0055597903059695468 -0.0014335693527296009 0.0020207707791667978 -0.0031251733044099974 -0.00088454057037769805 0.0011409650795198229 0.0011861029703313154 -0.00077928951007594487 -0.0017149125014572074 -0.0029171794776369601 -0.0039889872009361126 -0.0037460993342969223
leaf_weight=28145.219055175781 57342.207336425781 330881.77862548828 62387.403106689453 73830.752319335938 168442.76666259766 435980.36590576172 35704.935791015625 121706.8405456543 71635.346130371094 88558.720642089844 26045.1142578125
leaf_count=72 96 232 120 91 141 407 64 236 172 231 70
internal_value=-1.16365e-05 0.00115374 -0.0028741 0.00130076 0.000523704 0.00154625 -0.0019633 -0.00219291 -0.00380785 -0.0035098 -0.00468851
internal_weight=1.50066e+06 1.06648e+06 434184 1.00914e+06 242274 766862 219799 184094 214384 160194 54190.3
internal_count=1932 967 965 871 232 639 420 356 545 403 142
is_linear=0
shrinkage=0.05


Tree=81
num_leaves=13
num_cat=0
split_feature=21 20 20 1 3 3 14 15 3 1 9 23
split_gain=1907.6 155.259 142.547 71.5778 71.5046 49.2384 29.4987 22.4078 21.7818 17.48 7.83965 5.91195
threshold=301.00000000000006 318.50000000000006 209.00000000000003 3.5000000000000004 6.5000000000000009 14.500000000000002 28.528408153141772 241.00000000000003 15.500000000000002 4.5000000000000009 269.00000000000006 -2.1249999999999996
decision_type=2 2 2 2 2 2 2 2 2 2 2 2
left_child=2 10 6 5 -5 -3 9 8 -4 -1 -2 -8
right_child=1 3 7 4 -6 -7 11 -9 -10 -11 -12 -13
leaf_value=-0.0036968454738777116 -0.00071604949956458877 0.0023009348988804507 -0.0026779948747363714 -0.00048251179112369171 0.0011270131719501306 0.0012674189639172236 -0.0032220533450042091 -0.00065711555418708619 -0.0015706048818780586 -0.0048243459508476748 -0.0018180719105942722 -0.0021931437041847446
leaf_weight=118237.3639831543 33217.158874511719 208676.17346191406 84401.418060302734 81316.549133300781 455659.45642089844 257437.66326904297 27483.966766357422 31948.778076171875 93773.127990722656 48587.044189453125 31402.480590820312 28506.204040527344
leaf_count=312 50 162 169 84 410 210 49 57 180 134 51 64
internal_value=-1.14039e-05 0.00112377 -0.00281093 0.0012768 0.000883274 0.00173014 -0.00369199 -0.00187659 -0.00209524 -0.00402536 -0.00125169 -0.00269845
internal_weight=1.50065e+06 1.06771e+06 432938 1.00309e+06 536976 466114 222815 210123 178175 166824 64619.6 55990.2
internal_count=1932 967 965 866 494 372 559 406 349 446 101 113
is_linear=0
shrinkage=0.05


Tree=82
num_leaves=11
num_cat=0
split_feature=21 19 16 14 15 4 23 3 1 3
split_gain=1817.22 148.715 137.103 71.8831 78.4694 49.1009 27.457 23.0124 22.0069 17.9788
threshold=301.00000000000006 302.50000000000006 238.50000000000003 117.51647914667284 273.50000000000006 6.5000000000000009 -21.624999999999996 5.5000000000000009 1.0000000180025095e-35 15.500000000000002
decision_type=2 2 2 2 2 2 2 2 2 2
left_child=2 -2 7 5 -5 -3 -4 -1 -9 -8
right_child=1 3 6 4 -6 -7 9 8 -10 -11
leaf_value=-0.0050526363676703708 -0.001385083017198664 0.001929999192713116 -0.00308397772452508 -0.00087542639576388629 0.0010789891304671237 0.0011233674455708822 -0.0020385808663829202 -0.0022269650579134939 -0.0036825923572315535 -0.0010236528657737106
leaf_weight=25298.122009277344 57223.603515625 332004.20007324219 37374.275299072266 73802.658264160156 168845.71612548828 437034.27691650391 99302.052459716797 30997.524047851562 160882.51669311523 77868.539428710938
leaf_count=70 96 232 69 91 141 407 192 77 420 137
internal_value=-1.1174e-05 0.00109461 -0.00274898 0.00123487 0.000484539 0.00147161 -0.00185243 -0.00363459 -0.00344751 -0.00159255
internal_weight=1.50063e+06 1.06891e+06 431723 1.01169e+06 242648 769038 214545 217178 191880 177171
internal_count=1932 967 965 871 232 639 398 567 497 329
is_linear=0
shrinkage=0.05


Tree=83
num_leaves=13
num_cat=0
split_feature=21 18 20 20 12 3 14 3 15 3 3 23
split_gain=1731.07 141.412 132.215 64.9372 78.8572 42.928 27.4286 24.7614 21.4546 20.1585 16.7218 5.78834
threshold=301.00000000000006 346.50000000000006 209.00000000000003 681.00000000000011 709.00000000000011 16.500000000000004 28.528408153141772 6.5000000000000009 241.00000000000003 15.500000000000002 25.500000000000004 -2.1249999999999996
decision_type=2 2 2 2 2 2 2 2 2 2 2 2
left_child=2 5 6 4 -3 -2 10 -5 9 -4 -1 -8
right_child=1 3 8 7 -6 -7 11 -9 -10 -11 -12 -13
leaf_value=-0.0041428995758772012 -0.0022441552967271332 0.0011162440433460299 -0.0025641688560187124 0.0010316434000025741 -0.00063425118023486583 4.2110828289506673e-05 -0.0030997894422413025 0.0019331664919361924 -0.00059263034321352338 -0.0014966041083000418 -0.0029583685338605498 -0.0020790540528799334
leaf_weight=126474.94692993164 34667.957580566406 498397.43811035156 83969.90576171875 100789.19177246094 73869.461120605469 50341.8603515625 27329.296234130859 312015.65411376953 31863.760375976562 93475.704528808594 39061.380706787109 28363.223876953125
leaf_count=342 54 460 169 78 62 78 49 235 57 180 104 64
internal_value=-1.09474e-05 0.00106624 -0.00268821 0.00123509 0.000890283 -0.000890331 -0.00354049 0.00171307 -0.00178734 -0.00200185 -0.00386349 -0.00258018
internal_weight=1.50062e+06 1.07008e+06 430538 985072 572267 85009.8 221229 412805 209309 177446 165536 55692.5
internal_count=1932 967 965 835 522 132 559 313 406 349 446 113
is_linear=0
shrinkage=0.05


Tree=84
num_leaves=12
num_cat=0
split_feature=21 19 14 14 15 12 23 15 1 14 23
split_gain=1648.94 136.7 126.896 68.1798 73.4412 47.8857 25.4773 25.0036 22.6585 22.1239 18.7856
threshold=301.00000000000006 302.50000000000006 30.443485331370557 117.51647914667284 273.50000000000006 720.82142857142867 -6.2499999999999991 218.00000000000003 1.0000000180025095e-35 114.01321089207185 7.8750000000000009
decision_type=2 2 2 2 2 2 2 2 2 2 2
left_child=2 -2 8 5 -5 -3 7 -4 -1 -8 -10
right_child=1 3 6 4 -6 -7 9 -9 10 -11 -12
leaf_value=-0.0023013399430860866 -0.0013412669814515891 0.0015872711938796421 -0.0018764644210825425 -0.0008737612093083361 0.0010163498013349007 0.00056093323909464155 -0.0018959344363680922 -0.0036487511544008831 -0.0034580185306750141 -0.00055498507114626263 -0.0046978610840750345
leaf_weight=32701.165069580078 57116.846069335938 632503.34698486328 65933.255218505859 73797.528686523438 169254.93963623047 138550.90814208984 72255.329528808594 28517.837097167969 137020.0119934082 53567.054962158203 39388.091339111328
leaf_count=81 96 527 121 91 141 112 146 55 362 97 103
internal_value=-1.07247e-05 0.00103863 -0.00262863 0.00117268 0.000442453 0.00140285 -0.00179108 -0.00241174 -0.00351084 -0.00132509 -0.00373497
internal_weight=1.50061e+06 1.07122e+06 429383 1.01411e+06 243052 771054 220273 94451.1 209109 125822 176408
internal_count=1932 967 965 871 232 639 419 176 546 243 465
is_linear=0
shrinkage=0.05


Tree=85
num_leaves=13
num_cat=0
split_feature=21 20 20 1 3 3 14 15 3 1 9 23
split_gain=1570.66 130.609 122.962 63.2194 66.3431 45.8625 25.3871 19.943 19.0972 16.6335 7.2238 5.58104
threshold=301.00000000000006 318.50000000000006 209.00000000000003 3.5000000000000004 6.5000000000000009 14.500000000000002 28.528408153141772 241.00000000000003 15.500000000000002 4.5000000000000009 269.00000000000006 -2.1249999999999996
decision_type=2 2 2 2 2 2 2 2 2 2 2 2
left_child=2 10 6 5 -5 -3 9 8 -4 -1 -2 -8
right_child=1 3 7 4 -6 -7 11 -9 -10 -11 -12 -13
leaf_value=-0.0033851648127856022 -0.00065669178911737631 0.0021248069250044458 -0.0024566887172317951 -0.00053247928883232815 0.0010160109692264347 0.0011303219498835985 -0.0029813829765649013 -0.00054772608605114571 -0.0014154395596336653 -0.0044936855399512468 -0.001716366330636385 -0.0019766552641906484
leaf_weight=116518.76330566406 33135.578979492188 210039.77380371094 83566.483062744141 81483.791931152344 457616.47784423828 258797.26037597656 27181.156097412109 31804.824768066406 93151.651733398438 47796.928771972656 31264.276092529297 28236.110534667969
leaf_count=312 50 162 169 84 410 210 49 57 180 134 51 64
internal_value=-1.05058e-05 0.00101177 -0.00257022 0.00115125 0.000781957 0.00157587 -0.00339556 -0.00170044 -0.00190788 -0.00370774 -0.00117123 -0.00246968
internal_weight=1.50059e+06 1.07234e+06 428256 1.00794e+06 539100 468837 219733 208523 176718 164316 64399.9 55417.3
internal_count=1932 967 965 866 494 372 559 406 349 446 101 113
is_linear=0
shrinkage=0.05


Tree=86
num_leaves=12
num_cat=0
split_feature=21 19 20 14 15 4 14 15 3 21 23
split_gain=1496.05 125.318 117.847 63.6989 68.4236 46.064 24.3777 19.0452 18.3839 16.1456 5.34761
threshold=301.00000000000006 302.50000000000006 209.00000000000003 117.51647914667284 273.50000000000006 6.5000000000000009 28.528408153141772 241.00000000000003 21.500000000000004 138.50000000000003 -2.1249999999999996
decision_type=2 2 2 2 2 2 2 2 2 2 2
left_child=2 -2 6 5 -5 -3 9 8 -4 -1 -8
right_child=1 3 7 4 -6 -7 10 -9 -10 -11 -12
leaf_value=-0.0024006774048502301 -0.001295518772889072 0.0017783059415769908 -0.0022412785212624813 -0.00086310975654257808 0.00096098062122118143 0.0009990897995674989 -0.0029161609368708887 -0.00053442492229778039 -0.0011730710721919485 -0.0038301973350589173 -0.001931446871904852
leaf_weight=23016.555969238281 57005.804321289062 333897.02764892578 114097.00799560547 73764.72802734375 169618.32489013672 439137.16815185547 27100.239166259766 31787.408752441406 62284.323516845703 140691.06546020508 28180.352630615234
leaf_count=63 96 232 231 91 141 407 49 57 118 383 64
internal_value=-1.02896e-05 0.000985625 -0.00251295 0.00111357 0.000408127 0.00133567 -0.00332267 -0.00166109 -0.00186411 -0.00362929 -0.0024144
internal_weight=1.50058e+06 1.07342e+06 427157 1.01642e+06 243383 773034 218988 208169 176381 163708 55280.6
internal_count=1932 967 965 871 232 639 559 406 349 446 113
is_linear=0
shrinkage=0.05


Tree=87
num_leaves=12
num_cat=0
split_feature=21 19 20 14 15 12 14 15 3 1 23
split_gain=1424.94 119.077 112.925 60.4004 65.0351 45.724 23.4036 18.1861 17.7175 16.1508 5.12309
threshold=301.00000000000006 302.50000000000006 209.00000000000003 117.51647914667284 273.50000000000006 720.82142857142867 28.528408153141772 241.00000000000003 15.500000000000002 4.5000000000000009 -2.1249999999999996
decision_type=2 2 2 2 2 2 2 2 2 2 2
left_child=2 -2 6 5 -5 -3 9 8 -4 -1 -8
right_child=1 3 7 4 -6 -7 10 -9 -10 -11 -12
leaf_value=-0.0032333585947835666 -0.0012650132730122649 0.0014805220998199157 -0.0023513421509524625 -0.00084241683115385052 0.00093620932010973854 0.00047930937452454595 -0.0028521773974060443 -0.00052143971138345578 -0.0013464738331340831 -0.0043298632942971567 -0.0018871860857621041
leaf_weight=115699.67236328125 56932.000274658203 635069.68054199219 83174.810699462891 73701.087280273438 169781.40441894531 138997.77136230469 27021.325592041016 31770.425659179688 92878.063140869141 47414.916351318359 28125.976226806641
leaf_count=312 96 527 169 91 141 112 49 57 180 134 64
internal_value=-1.00767e-05 0.000960185 -0.00245682 0.00108469 0.000397821 0.00130074 -0.00325111 -0.00162258 -0.00182127 -0.00355222 -0.00236023
internal_weight=1.50057e+06 1.07448e+06 426085 1.01755e+06 243482 774067 218262 207823 176053 163115 55147.3
internal_count=1932 967 965 871 232 639 559 406 349 446 113
is_linear=0
shrinkage=0.05


Tree=88
num_leaves=13
num_cat=0
split_feature=21 13 20 3 14 23 4 20 3 3 18 15
split_gain=1357.35 174.092 57.7497 77.9921 56.2303 32.741 30.9415 30.2557 21.7186 36.9906 19.1895 15.9053
threshold=357.50000000000006 49.734759153741038 681.00000000000011 5.5000000000000009 117.51647914667284 22.375000000000004 6.5000000000000009 214.50000000000003 6.5000000000000009 14.500000000000002 151.50000000000003 237.00000000000003
decision_type=2 2 2 2 2 2 2 2 2 2 2 2
left_child=1 7 3 -2 -5 6 -3 10 -4 -10 -1 -7
right_child=2 5 8 4 -6 11 -8 -9 9 -11 -12 -13
leaf_value=-0.0040648265701679369 -0.0010196343380471074 -0.00056643009393626657 0.00086895033862223209 0.00121472868006226 -2.758838044557081e-05 -0.0010208655204337472 -0.0019806785067112108 -0.0014507811432510234 0.0024907958384618933 0.001339727974257052 -0.0029749881508494454 0.00047746834152941308
leaf_weight=52562.501525878906 56971.586303710938 56074.961364746094 101427.30969238281 397199.736328125 118186.24145507812 35514.084716796875 124669.57376098633 26822.093353271484 102700.86309814453 217921.3642578125 175179.68353271484 35324.474670410156
leaf_count=142 61 92 78 348 114 60 238 60 84 158 442 55
internal_value=-9.86731e-06 -0.00211768 0.001063 0.000735792 0.000929848 -0.00118486 -0.00154194 -0.00303953 0.00150673 0.00170847 -0.0032266 -0.000273723
internal_weight=1.50055e+06 506147 994407 572358 515386 251583 180745 254564 422050 320622 227742 70838.6
internal_count=1932 1089 843 523 462 445 330 644 320 242 584 115
is_linear=0
shrinkage=0.05


Tree=89
num_leaves=14
num_cat=0
split_feature=21 20 16 3 20 3 12 3 23 3 1 3 17
split_gain=1294.02 109.533 104.292 78.4334 60.4613 53.0134 144.106 66.0677 25.0687 21.083 19.4411 15.7164 14.008
threshold=301.00000000000006 453.50000000000006 238.50000000000003 23.500000000000004 318.50000000000006 6.5000000000000009 709.00000000000011 10.500000000000002 -21.624999999999996 5.5000000000000009 1.0000000180025095e-35 15.500000000000002 12.357142857142863
decision_type=2 2 2 2 2 2 2 2 2 2 2 2 2
left_child=2 3 9 4 -2 6 -3 -7 -4 -1 -11 -10 -5
right_child=1 5 8 12 -6 7 -8 -9 11 10 -12 -13 -14
leaf_value=-0.0045087958481035825 -0.002333476017609947 0.001519704387859431 -0.0027505124455244755 0.0015267848069875985 -4.8311783788097866e-05 0.0025352555667315924 -0.0015736016625887213 0.0011579655830442682 -0.0017351385757432261 -0.0017944396515555074 -0.0031760114574715206 -0.00078077141143942559 0.00036186553672148676
leaf_weight=24620.930236816406 46874.413391113281 99761.025451660156 36809.7197265625 51953.585388183594 75665.250183105469 102199.56231689453 60468.257263183594 588297.20068359375 97997.220703125 30415.388641357422 157118.53186035156 77082.043853759766 51278.961120605469
leaf_count=70 79 80 69 45 91 84 54 478 192 77 420 137 56
internal_value=-9.66245e-06 0.00091188 -0.00234912 -6.71471e-05 -0.000922502 0.0011717 0.000352322 0.00136183 -0.00156443 -0.00313277 -0.00295199 -0.00131499 0.000948177
internal_weight=1.50054e+06 1.0765e+06 424044 225772 122540 850726 160229 690497 211889 212155 187534 175079 103233
internal_count=1932 967 965 271 170 696 134 562 398 567 497 329 101
is_linear=0
shrinkage=0.05


Tree=90
num_leaves=14
num_cat=0
split_feature=21 20 20 3 20 3 12 3 3 18 15 3 17
split_gain=1232.39 103.951 100.041 74.5912 57.6902 50.2687 136.999 62.505 22.0286 22.2714 16.5624 16.3147 13.2827
threshold=301.00000000000006 453.50000000000006 209.00000000000003 23.500000000000004 318.50000000000006 6.5000000000000009 709.00000000000011 10.500000000000002 5.5000000000000009 138.50000000000003 241.00000000000003 21.500000000000004 12.357142857142863
decision_type=2 2 2 2 2 2 2 2 2 2 2 2 2
left_child=2 3 8 4 -2 6 -3 -7 -1 -10 11 -4 -5
right_child=1 5 10 12 -6 7 -8 -9 9 -11 -12 -13 -14
leaf_value=-0.0043571371855992162 -0.0022809269422828784 0.0014796941286750588 -0.0020574161275366616 0.0014865793380643485 -4.7114622002718133e-05 0.0024659707347768093 -0.0015369807645805077 0.0011278909394464294 -0.0041740183918636672 -0.0026292365163372994 -0.00045803690099763343 -0.0010479670988826479 0.00035275227842180797
leaf_weight=27998.153289794922 46765.160583496094 99912.747802734375 113175.73645019531 52032.968505859375 75661.596252441406 102458.99267578125 60373.18017578125 588978.82403564453 27306.8291015625 160924.04443359375 31687.760498046875 61956.644470214844 51297.520935058594
leaf_count=77 79 80 231 45 91 84 54 478 72 410 57 118 56
internal_value=-9.46503e-06 0.000888403 -0.00229626 -6.55055e-05 -0.000900455 0.00114124 0.000343423 0.00132619 -0.00304824 -0.00285344 -0.00151002 -0.00170034 0.000923745
internal_weight=1.50053e+06 1.07748e+06 423049 225757 122427 851724 160286 691438 216229 188231 206820 175132 103330
internal_count=1932 967 965 271 170 696 134 562 559 482 406 349 101
is_linear=0
shrinkage=0.05


Tree=91
num_leaves=15
num_cat=0
split_feature=21 20 16 3 20 3 12 3 23 23 20 3 17 22
split_gain=1173.66 98.6579 96.6198 70.9373 55.0419 47.6697 130.244 59.1426 23.9714 20.3365 19.4978 14.7178 12.5959 9.52931
threshold=301.00000000000006 453.50000000000006 238.50000000000003 23.500000000000004 318.50000000000006 6.5000000000000009 709.00000000000011 10.500000000000002 -21.624999999999996 7.8750000000000009 209.00000000000003 15.500000000000002 12.357142857142863 168.62500000000003
decision_type=2 2 2 2 2 2 2 2 2 2 2 2 2 2
left_child=2 3 9 4 -2 6 -3 -7 -4 10 -1 -10 -5 -11
right_child=1 5 8 12 -6 7 -8 -9 11 13 -12 -13 -14 -15
leaf_value=-0.0029306403795390365 -0.0022294426702585495 0.0014407956446257314 -0.0026510832956890464 0.0014474915694093929 -4.5947046352580668e-05 0.0023987476969280479 -0.0015011564495608113 0.0010986308543711773 -0.0016518332289977113 -0.0031633238042694544 -0.0012504513889008086 -0.00072697641668032767 0.00034387170578141588 -0.0045302149048404355
leaf_weight=139966.19747924805 46658.614135742188 100060.69909667969 36644.671600341797 52110.37646484375 75658.030639648438 102711.96447753906 60280.457702636719 589643.49871826172 97644.976165771484 24787.924041748047 19708.501556396484 76909.989044189453 51315.618896484375 26416.870422363281
leaf_count=382 79 80 69 45 91 84 54 478 192 68 48 137 56 69
internal_value=-9.27053e-06 0.000865551 -0.00224448 -6.39035e-05 -0.000878915 0.00111161 0.000334753 0.00129152 -0.0014885 -0.00300155 -0.0027233 -0.00124437 0.000899965 -0.00386888
internal_weight=1.50052e+06 1.07844e+06 422079 225743 122317 852697 160341 692355 211200 210879 159675 174555 103426 51204.8
internal_count=1932 967 965 271 170 696 134 562 398 567 430 329 101 137
is_linear=0
shrinkage=0.05


Tree=92
num_leaves=15
num_cat=0
split_feature=19 20 14 3 21 12 19 19 3 3 18 19 13 4
split_gain=1118.33 105.888 92.6315 98.897 84.5848 47.1421 63.2286 32.1874 28.5158 20.217 20.5339 19.5787 29.6944 21.1718
threshold=302.50000000000006 209.00000000000003 108.71943312804022 12.500000000000002 423.50000000000006 716.76785714285722 728.50000000000011 608.00000000000011 10.500000000000002 5.5000000000000009 138.50000000000003 243.50000000000003 56.241235306854108 6.5000000000000009
decision_type=2 2 2 2 2 2 2 2 2 2 2 2 2 2
left_child=1 9 5 4 -4 8 -7 -5 -2 -1 -11 12 -3 -13
right_child=2 11 3 7 -6 6 -8 -9 -10 10 -12 13 -14 -15
leaf_value=-0.0042044418117220496 0.0019264819080326194 -0.0019832880650015724 -0.0023609418113212603 0.00045178506675754276 0.00021550941031671454 -0.00042435784169935202 0.0013182885167549617 0.0017609945909855852 0.0011524785717296105 -0.004027331701008296 -0.0025364124111082178 -0.0010194181704721247 -0.00035310621005490875 -0.0024754209308613176
leaf_weight=27790.832580566406 197630.92041015625 44167.78564453125 55942.113159179688 159472.46392822266 73976.854125976562 91176.054565429688 121291.4794921875 66531.984008789062 299178.1904296875 27114.236663818359 156376.85961914062 41781.688537597656 75998.23583984375 62077.147644042969
leaf_count=77 156 99 92 162 78 75 93 48 244 72 403 75 139 119
internal_value=-9.07945e-06 -0.00214434 0.000863525 0.000205313 -0.000893939 0.00119382 0.000570475 0.000837225 0.00146039 -0.00294733 -0.00275683 -0.00138697 -0.000952348 -0.00188976
internal_weight=1.50051e+06 435307 1.0652e+06 355923 129919 709277 212468 226004 496809 211282 183491 224025 120166 103859
internal_count=1932 984 948 380 170 568 168 210 400 552 475 432 238 194
is_linear=0
shrinkage=0.05


Tree=93
num_leaves=15
num_cat=0
split_feature=19 20 14 3 21 12 19 19 3 3 18 19 13 4
split_gain=1064.89 101.36 87.8889 94.0352 80.6862 44.6843 60.0386 30.514 26.9924 19.4205 19.7133 18.6987 28.333 20.244
threshold=302.50000000000006 209.00000000000003 108.71943312804022 12.500000000000002 423.50000000000006 716.76785714285722 728.50000000000011 608.00000000000011 10.500000000000002 5.5000000000000009 138.50000000000003 243.50000000000003 56.241235306854108 6.5000000000000009
decision_type=2 2 2 2 2 2 2 2 2 2 2 2 2 2
left_child=1 9 5 4 -4 8 -7 -5 -2 -1 -11 12 -3 -13
right_child=2 11 3 7 -6 6 -8 -9 -10 10 -12 13 -14 -15
leaf_value=-0.0041175591209100058 0.0018749883618644587 -0.0019379380736417333 -0.0023078374670399064 0.00044036640295708174 0.00021011297480403118 -0.00041399976104263838 0.0012838426188966723 0.0017142140057875331 0.0011225529178046844 -0.0039434019166585078 -0.0024797985498345716 -0.00099513652241647074 -0.00034446257727661558 -0.0024200216356354484
leaf_weight=27674.232818603516 198012.02008056641 44080.275024414062 55810.192718505859 159544.52807617188 73992.799072265625 91137.370849609375 121451.48315429688 66649.25 299523.18133544922 27005.258728027344 155980.72686767578 41739.116821289062 75971.404693603516 61923.671325683594
leaf_count=77 156 99 92 162 78 75 93 48 244 72 403 75 139 119
internal_value=-8.89197e-06 -0.00209566 0.000841335 0.000200155 -0.000872554 0.00116277 0.000555981 0.000815742 0.00142203 -0.00288276 -0.0026959 -0.00135444 -0.000929607 -0.00184638
internal_weight=1.5005e+06 434375 1.06612e+06 355997 129803 710124 212589 226194 497535 210660 182986 223714 120052 103663
internal_count=1932 984 948 380 170 568 168 210 400 552 475 432 238 194
is_linear=0
shrinkage=0.05


Tree=94
num_leaves=15
num_cat=0
split_feature=19 20 14 3 21 12 19 19 3 3 18 19 13 4
split_gain=1013.99 97.0119 83.394 89.4128 76.9618 42.3582 57.0117 28.93 25.5535 18.6513 18.9215 17.8565 27.0319 19.3544
threshold=302.50000000000006 209.00000000000003 108.71943312804022 12.500000000000002 423.50000000000006 716.76785714285722 728.50000000000011 608.00000000000011 10.500000000000002 5.5000000000000009 138.50000000000003 243.50000000000003 56.241235306854108 6.5000000000000009
decision_type=2 2 2 2 2 2 2 2 2 2 2 2 2 2
left_child=1 9 5 4 -4 8 -7 -5 -2 -1 -11 12 -3 -13
right_child=2 11 3 7 -6 6 -8 -9 -10 10 -12 13 -14 -15
leaf_value=-0.0040321170963156221 0.0018249663574738254 -0.0018935381504932563 -0.0022558063652176538 0.00042924127419092156 0.00020485278530770197 -0.00040389034706998854 0.0012503404079513096 0.0016687551460014137 0.0010934374598967833 -0.0038608933710202356 -0.0024243094110320464 -0.00097140930874970778 -0.00033602756941703769 -0.0023657295787937929
leaf_weight=27560.517272949219 198383.63836669922 43994.932952880859 55681.539855957031 159614.80187988281 74008.347412109375 91099.648132324219 121607.50659179688 66763.599731445312 299859.60113525391 26898.975433349609 155594.40380859375 41697.601867675781 75945.240081787109 61773.994750976562
leaf_count=77 156 99 92 162 78 75 93 48 244 72 403 75 139 119
internal_value=-8.70738e-06 -0.00204799 0.000819735 0.000195127 -0.000851662 0.00113256 0.000541863 0.000794828 0.00138472 -0.00281941 -0.00263616 -0.00132264 -0.000907389 -0.00180391
internal_weight=1.50048e+06 433466 1.06702e+06 356068 129690 710950 212707 226378 498243 210054 182493 223412 119940 103472
internal_count=1932 984 948 380 170 568 168 210 400 552 475 432 238 194
is_linear=0
shrinkage=0.05


Tree=95
num_leaves=15
num_cat=0
split_feature=19 20 14 3 21 14 13 19 21 3 1 19 13 4
split_gain=965.489 92.8363 79.1335 85.0181 73.4043 40.1911 56.5752 27.4304 18.0979 17.9088 18.9033 17.0506 25.7885 18.5017
threshold=302.50000000000006 209.00000000000003 108.71943312804022 12.500000000000002 423.50000000000006 88.160100169390844 56.241235306854108 608.00000000000011 748.00000000000011 5.5000000000000009 1.0000000180025095e-35 243.50000000000003 56.241235306854108 6.5000000000000009
decision_type=2 2 2 2 2 2 2 2 2 2 2 2 2 2
left_child=1 9 5 4 -4 6 -2 -5 -7 -1 -11 12 -3 -13
right_child=2 11 3 7 -6 8 -8 -9 -10 10 -12 13 -14 -15
leaf_value=-0.0039481066058001087 0.0010741613387409649 -0.0018500722747633556 -0.0022048321339636248 0.0004184019625070542 0.0001997253543426704 0.0012392471667522741 -0.00043843555951376506 0.001624576630369963 0.0020079696209251287 -0.0012784530806199334 -0.0027775107612249637 -0.00094822511671243672 -0.00032779634580345926 -0.0023125283466809972
leaf_weight=27449.613342285156 252765.37329101562 43911.705535888672 55556.074768066406 159683.32971191406 74023.509826660156 270311.26867675781 81828.685424804688 66875.10498046875 106850.85571289062 24279.867401123047 157733.10711669922 41657.115600585938 75919.725219726562 61628.027526855469
leaf_count=77 210 99 92 162 78 222 72 48 64 63 412 75 139 119
internal_value=-8.52566e-06 -0.0020013 0.000798706 0.000190228 -0.000831252 0.00110316 0.000704238 0.000774466 0.00145705 -0.00275728 -0.00257758 -0.00129154 -0.000885682 -0.00176235
internal_weight=1.50047e+06 432579 1.06789e+06 356138 129580 711756 334594 226558 377162 209463 182013 223117 119831 103285
internal_count=1932 984 948 380 170 568 282 210 286 552 475 432 238 194
is_linear=0
shrinkage=0.05


Tree=96
num_leaves=15
num_cat=0
split_feature=19 21 14 3 21 12 20 20 19 18 19 14 20 18
split_gain=919.285 89.2297 75.0949 80.8397 70.0066 39.8126 70.4914 31.8699 27.387 26.4767 26.0105 25.2797 12.5262 12.3616
threshold=302.50000000000006 195.50000000000003 108.71943312804022 12.500000000000002 423.50000000000006 620.76785714285722 681.00000000000011 209.00000000000003 243.50000000000003 151.50000000000003 608.00000000000011 20.643866944427014 578.50000000000011 172.50000000000003
decision_type=2 2 2 2 2 2 2 2 2 2 2 2 2 2
left_child=1 9 5 4 -4 12 -7 -3 -9 11 -5 -1 -2 -11
right_child=2 7 3 10 -6 6 -8 8 -10 13 -12 -13 -14 -15
leaf_value=-0.0026746061154748063 0.0012667619431540288 -0.0023924507041753322 -0.0021548984969798532 0.00040784084568968291 0.00019472726778176931 0.00016188070919451506 0.0013390958823370431 -0.00052352733981690929 -0.0016814021619526239 -0.0020381556899241779 0.0015816384499007235 -0.0050779139866419902 0.0020824591793549923 -0.0030486183874319523
leaf_weight=21198.663208007812 89310.306518554688 60608.817260742188 55433.717468261719 159750.15576171875 74038.295043945312 217526.26928710938 306118.78503417969 104965.31475830078 99468.268646240234 68485.600006103516 66983.836059570312 22660.787750244141 99586.572509765625 54327.151245117188
leaf_count=60 93 154 92 162 78 178 214 206 187 179 48 61 83 137
internal_value=-8.34658e-06 -0.00195558 0.000778234 0.000185453 -0.000811314 0.00107457 0.000850078 -0.00138551 -0.00108692 -0.00286205 0.000754642 -0.00391676 0.00169684 -0.00248525
internal_weight=1.50046e+06 431715 1.06875e+06 356206 129472 712542 523645 265042 204434 166672 226734 43859.5 188897 122813
internal_count=1932 984 948 380 170 568 392 547 393 437 210 121 176 316
is_linear=0
shrinkage=0.05


Tree=97
num_leaves=15
num_cat=0
split_feature=19 21 14 3 23 12 11 20 19 18 19 14 3 18
split_gain=875.271 85.3918 71.2662 76.867 67.328 38.9819 53.8561 30.4574 26.1313 25.4175 24.666 24.3268 22.6732 11.8463
threshold=302.50000000000006 195.50000000000003 108.71943312804022 12.500000000000002 -73.249999999999986 716.76785714285722 729.32142857142867 209.00000000000003 243.50000000000003 151.50000000000003 608.00000000000011 20.643866944427014 10.500000000000002 172.50000000000003
decision_type=2 2 2 2 2 2 2 2 2 2 2 2 2 2
left_child=1 9 5 4 -4 12 -7 -3 -9 11 -5 -1 -2 -11
right_child=2 7 3 10 -6 6 -8 8 -10 13 -12 -13 -14 -15
leaf_value=-0.0026152858105146278 0.0017016979288027524 -0.0023387119567278218 0.0008905394715311946 0.0003975505333318407 -0.001565148725582827 -0.00052305185255927661 0.0011097521919705706 -0.00051079990604523996 -0.0016424505247719671 -0.0019916599241311468 0.0015399020530543611 -0.0049773855923531006 0.0010140099323589068 -0.0029821223113615739
leaf_weight=21142.041259765625 199305.39501953125 60463.986663818359 40738.205932617188 159815.32171630859 88628.901031494141 82151.421020507812 131070.12329101562 104910.37664794922 99301.162658691406 68346.157806396484 67089.865234375 22546.009521484375 300781.21417236328 54161.780578613281
leaf_count=60 156 154 39 162 131 70 98 206 187 179 48 61 244 137
internal_value=-8.17159e-06 -0.00191083 0.000758303 0.000180798 -0.000791838 0.00104674 0.000480657 -0.00135301 -0.00106111 -0.00279911 0.00073534 -0.00383472 0.0012881 -0.00242966
internal_weight=1.50045e+06 430872 1.06958e+06 356272 129367 713308 213222 264676 204212 166196 226905 43688.1 500087 122508
internal_count=1932 984 948 380 170 568 168 547 393 437 210 121 400 316
is_linear=0
shrinkage=0.05


Tree=98
num_leaves=15
num_cat=0
split_feature=19 16 14 3 21 12 19 19 4 23 3 3 20 22
split_gain=833.344 82.3805 67.6361 73.0897 64.9499 36.9649 53.0143 23.3926 22.0852 19.8468 16.2631 20.2151 15.2769 9.42943
threshold=302.50000000000006 238.50000000000003 108.71943312804022 12.500000000000002 423.50000000000006 716.76785714285722 728.50000000000011 608.00000000000011 6.5000000000000009 7.8750000000000009 24.500000000000004 15.500000000000002 209.00000000000003 168.62500000000003
decision_type=2 2 2 2 2 2 2 2 2 2 2 2 2 2
left_child=1 9 5 4 -4 8 -7 -5 -2 12 11 -3 -1 -11
right_child=2 10 3 7 -6 6 -8 -9 -10 13 -12 -13 -14 -15
leaf_value=-0.0024943739533253573 0.0017309797702263166 -0.0014275037285181715 -0.0020703993733709163 0.00038752389316798447 0.00019519622744743078 -0.00044320896833316496 0.0011499216145229015 0.001499330406373213 0.0010230368468095966 -0.00274273248753095 -0.0019869267349615556 -0.0003295097308885705 -0.00099840391281794181 -0.0041154856401092342
leaf_weight=137232.14538574219 163687.2080078125 100325.72476196289 55227.884796142578 159878.86834716797 74036.907409667969 91246.539672851562 122077.58276367188 67193.255615234375 337043.99603271484 24315.795318603516 50777.980285644531 72009.80859375 19500.001495361328 25887.854187011719
leaf_count=382 101 201 92 162 78 75 93 48 299 68 83 133 48 69
internal_value=-7.99945e-06 -0.00186701 0.000738897 0.000176263 -0.000772813 0.00101967 0.000468487 0.000716546 0.00125448 -0.00258558 -0.0012005 -0.000968734 -0.00230829 -0.00345094
internal_weight=1.50044e+06 430049 1.07039e+06 356337 129265 714055 213324 227072 500731 206936 223114 172336 156732 50203.6
internal_count=1932 984 948 380 170 568 168 210 400 567 417 334 430 137
is_linear=0
shrinkage=0.05


Tree=99
num_leaves=15
num_cat=0
split_feature=19 21 14 3 23 12 20 20 19 18 14 19 20 18
split_gain=793.403 79.2597 64.1944 69.4984 62.3301 36.45 66.4122 27.7304 24.9311 24.51 23.5477 22.1866 11.8398 11.3531
threshold=302.50000000000006 195.50000000000003 108.71943312804022 12.500000000000002 -73.249999999999986 620.76785714285722 681.00000000000011 209.00000000000003 243.50000000000003 151.50000000000003 20.643866944427014 608.00000000000011 578.50000000000011 172.50000000000003
decision_type=2 2 2 2 2 2 2 2 2 2 2 2 2 2
left_child=1 9 5 4 -4 12 -7 -3 -9 10 -1 -5 -2 -11
right_child=2 7 3 11 -6 6 -8 8 -10 13 -12 -13 -14 -15
leaf_value=-0.0025007037441456131 0.0011699732482228487 -0.0022294430613723939 0.0008626331233557912 0.00037775400181790146 -0.0015003103133545512 0.00011122259700948239 0.0012524028367799863 -0.00046997025520962351 -0.0015765807408381445 -0.0018894617368035917 -0.0048318241263182746 0.0014598876644108315 0.0019613730772773427 -0.0028615128194896481
leaf_weight=21033.521789550781 89642.804626464844 60171.623168945312 40782.461120605469 159940.83758544922 88382.559387207031 217968.10638427734 307136.31048583984 104734.52410888672 99019.850219726562 68041.649017333984 22381.860870361328 67294.07568359375 100036.6982421875 53864.388763427734
leaf_count=60 93 154 39 162 131 178 214 206 187 179 61 48 83 137
internal_value=-7.82941e-06 -0.00182411 0.000720002 0.000171841 -0.000754232 0.000993318 0.00077871 -0.00128634 -0.00100778 -0.00268257 -0.00370288 0.000698246 0.0015874 -0.00231906
internal_weight=1.50043e+06 429247 1.07118e+06 356400 129165 714784 525104 263926 203754 165321 43415.4 227235 189680 121906
internal_count=1932 984 948 380 170 568 392 547 393 437 121 210 176 316
is_linear=0
shrinkage=0.05


Tree=100
num_leaves=15
num_cat=0
split_feature=19 14 14 3 23 12 11 1 23 21 21 4 14 13
split_gain=755.359 76.7685 60.9307 66.2479 89.8944 34.9332 51.006 20.8819 19.2936 14.7595 17.6257 12.1422 9.40955 8.54681
threshold=302.50000000000006 28.528408153141772 108.71943312804022 18.500000000000004 -73.249999999999986 716.76785714285722 729.32142857142867 1.5000000000000002 7.8750000000000009 195.50000000000003 317.00000000000006 7.5000000000000009 18.075622178739405 87.511361732331395
decision_type=2 2 2 2 2 2 2 2 2 2 2 2 2 2
left_child=1 8 5 4 -4 7 -7 -2 11 -3 -11 -1 -10 -5
right_child=2 9 3 13 -6 6 -8 -9 12 10 -12 -13 -14 -15
leaf_value=-0.0026956188043026938 0.001733288100368759 -0.0021228522684885779 0.00086144622631396548 0.0013669587733341165 -0.0012831642360201991 -0.00054449552496781605 0.0010433007686261148 0.0010021199613516852 -0.0027474276992961026 -0.00089465079319733234 -0.0022083877726633483 -0.0017130879878176361 -0.0042975944902083766 0.00061570364402238002
leaf_weight=80454.257629394531 132803.88391113281 39609.217071533203 81542.470092773438 68794.038024902344 121905.80438232422 82223.964904785156 131406.77838134766 369059.78106689453 18453.033416748047 187753.8935546875 29548.59912109375 51686.661743164062 20959.783874511719 84219.058044433594
leaf_count=226 96 79 81 50 162 70 98 304 52 375 47 147 58 87
internal_value=-7.66319e-06 -0.00178213 0.000701604 0.000167532 -0.0004236 0.000967676 0.000432178 0.00119562 -0.00260115 -0.00123518 -0.00107334 -0.00231138 -0.00357225 0.000953498
internal_weight=1.50042e+06 428465 1.07196e+06 356461 203448 715494 213631 501864 171554 256912 217302 132141 39412.8 153013
internal_count=1932 984 948 380 243 568 168 400 483 501 422 373 110 137
is_linear=0
shrinkage=0.05


Tree=101
num_leaves=15
num_cat=0
split_feature=21 21 20 14 12 19 18 14 20 20 3 3 1 19
split_gain=720.889 67.536 63.3787 58.0924 78.4411 45.8188 23.6275 22.404 21.3728 24.4582 18.7908 25.9367 10.7378 8.26498
threshold=301.00000000000006 195.50000000000003 681.00000000000011 122.66312220884193 709.00000000000011 571.00000000000011 151.50000000000003 20.643866944427014 209.00000000000003 232.50000000000003 6.5000000000000009 14.500000000000002 5.5000000000000009 209.00000000000003
decision_type=2 2 2 2 2 2 2 2 2 2 2 2 2 2
left_child=1 6 3 4 -2 -5 7 -1 13 -10 -4 -12 -8 -3
right_child=2 8 10 5 -6 -7 12 -9 9 -11 11 -13 -14 -15
leaf_value=-0.0024008510186710541 0.00086437909403193217 -0.002453437417623985 0.00055270061196077312 -0.0011835262386445727 -0.00088856393157164641 0.00067748036114926593 -0.0024868613140642177 -0.0046813824725684353 -4.5409072409993175e-05 -0.0013411361174549621 0.0019767372113943557 0.0010209674691000607 -0.0014052374238504588 -0.0012362927693803935
leaf_weight=20939.857391357422 439547.47982788086 42793.436767578125 102691.11853027344 93390.882995605469 74654.19970703125 51204.402160644531 90568.955657958984 22214.701293945312 49753.788543701172 135893.07260131836 104670.45184326172 220608.62573242188 30763.672515869141 20716.689361572266
leaf_count=60 426 112 78 120 62 39 236 61 101 266 84 158 80 49
internal_value=-7.49955e-06 -0.00178394 0.000668652 0.000360894 0.000609872 -0.000524502 -0.00257025 -0.00357521 -0.00126479 -0.000993889 0.00114239 0.00132855 -0.00221269 -0.00205654
internal_weight=1.50041e+06 413644 1.08677e+06 658797 514202 144595 164487 43154.6 249157 185647 427970 325279 121333 63510.1
internal_count=1932 965 967 647 488 159 437 121 528 367 320 242 316 161
is_linear=0
shrinkage=0.05


Tree=102
num_leaves=15
num_cat=0
split_feature=19 14 20 14 12 19 23 18 15 22 3 18 4 14
split_gain=686.854 70.466 56.5707 63.3647 83.8583 59.802 18.5405 18.1518 37.0504 19.2232 13.2466 21.2525 11.5255 9.11452
threshold=302.50000000000006 28.528408153141772 681.00000000000011 117.51647914667284 709.00000000000011 571.00000000000011 7.8750000000000009 692.50000000000011 594.50000000000011 693.00000000000011 24.500000000000004 211.50000000000003 7.5000000000000009 18.075622178739405
decision_type=2 2 2 2 2 2 2 2 2 2 2 2 2 2
left_child=1 6 3 4 -2 -5 12 9 -9 -4 11 -3 -1 -8
right_child=2 10 7 5 -6 -7 13 8 -10 -11 -12 -13 -14 -15
leaf_value=-0.002581378245878771 0.00095964136223331714 -0.0018027500438678548 0.0010884370043108317 -0.0012241974191510518 -0.00086728308692031052 0.00066797939532314853 -0.0026318228958237375 -2.7625446912786676e-05 0.0012852094022585228 0.0021180182969029976 -0.0018942568393486839 -0.00067556390458559578 -0.0016220281292374785 -0.0041618896452916545
leaf_weight=80041.107666015625 397741.45364379883 58606.511505126953 122447.53405761719 101826.74206542969 74587.89404296875 70778.20751953125 18356.90380859375 83628.372192382812 150373.92553710938 72009.59912109375 51708.630340576172 145988.79156494141 51483.835723876953 20822.126403808594
leaf_count=226 370 136 101 137 62 59 52 67 105 47 86 279 147 58
internal_value=-7.33906e-06 -0.00170346 0.000667402 0.000371539 0.000671136 -0.000448296 -0.0024905 0.00111274 0.000816034 0.00146975 -0.00117924 -0.000998484 -0.00220593 -0.00344542
internal_weight=1.5004e+06 427008 1.07339e+06 644934 472329 172605 170704 428459 234002 194457 256304 204595 131525 39179
internal_count=1932 984 948 628 432 196 483 320 172 148 501 415 373 110
is_linear=0
shrinkage=0.05


Tree=103
num_leaves=15
num_cat=0
split_feature=21 21 20 14 12 19 18 14 12 18 23 22 20 18
split_gain=654.078 62.9757 56.98 52.6321 70.9436 41.5481 22.6702 21.32 20.7734 17.2022 36.5458 18.1937 13.5942 10.5668
threshold=301.00000000000006 195.50000000000003 681.00000000000011 122.66312220884193 709.00000000000011 571.00000000000011 151.50000000000003 20.643866944427014 351.1785714285715 692.50000000000011 5.0000000000000009 693.00000000000011 209.00000000000003 172.50000000000003
decision_type=2 2 2 2 2 2 2 2 2 2 2 2 2 2
left_child=1 6 3 4 -2 -5 7 -1 12 11 -11 -4 -3 -8
right_child=2 8 9 5 -6 -7 13 -9 -10 10 -12 -13 -14 -15
leaf_value=-0.0023049796719622718 0.00082162161322459721 -0.0020358677830437494 0.0010602437000243137 -0.0011289211561652799 -0.0008464936560382679 0.00064318848713037461 -0.0016980042762537633 -0.004535963643491926 -0.00013260968826431832 9.0945422613729931e-05 0.0013491268639668052 0.00206100783916098 -0.0011438123451846436 -0.0026400983360589814
leaf_weight=20850.708129882812 440280.16973876953 59660.566040039062 122580.88299560547 93175.7001953125 74523.233337402344 51273.341247558594 67478.426666259766 22055.477996826172 38414.689025878906 103125.06988525391 131068.30212402344 72162.278198242188 150416.43786621094 53326.853332519531
leaf_count=60 426 154 101 120 62 39 179 61 70 77 95 47 304 137
internal_value=-7.182e-06 -0.00170338 0.000635337 0.00034349 0.000580138 -0.000499896 -0.00246479 -0.00345219 -0.00120171 0.00108388 0.000795111 0.00143112 -0.00139719 -0.00211396
internal_weight=1.50039e+06 412203 1.08819e+06 659252 514803 144449 163711 42906.2 248492 428937 234193 194743 210077 120805
internal_count=1932 965 967 647 488 159 437 121 528 320 172 148 458 316
is_linear=0
shrinkage=0.05


Tree=104
num_leaves=15
num_cat=0
split_feature=19 14 14 3 23 12 4 23 21 21 3 20 14 13
split_gain=623.715 64.9297 53.2473 62.9064 79.4004 33.379 59.0788 17.7726 13.4175 30.0307 10.8916 10.8342 8.74259 7.3632
threshold=302.50000000000006 28.528408153141772 108.71943312804022 18.500000000000004 -73.249999999999986 620.76785714285722 6.5000000000000009 7.8750000000000009 317.00000000000006 301.00000000000006 25.500000000000004 578.50000000000011 18.075622178739405 87.511361732331395
decision_type=2 2 2 2 2 2 2 2 2 2 2 2 2 2
left_child=1 7 5 4 -4 11 -7 10 9 -3 -1 -2 -9 -5
right_child=2 8 3 13 -6 6 -8 12 -10 -11 -12 -13 -14 -15
leaf_value=-0.0023789787126367104 0.0010510602006951004 -0.0012026244147650376 0.0007634689548165263 0.0012832203890500524 -0.0012503407900913482 0.0011060830380295165 2.3772298356010283e-05 -0.0025240128475312023 -0.0021276041581603246 0.00058913771564902387 -0.001344566110230183 0.0018061407036925792 -0.0040267016286544026 0.00058671180575583343
leaf_weight=96328.076690673828 90054.712219238281 199776.25192260742 81854.661499023438 69014.665344238281 121736.09664916992 318463.57824707031 208722.80303955078 18268.153350830078 29443.43310546875 26482.644165039062 34616.060577392578 100619.74597167969 20686.7783203125 84315.131225585938
leaf_count=276 93 405 81 50 162 210 182 52 47 49 97 83 58 87
internal_value=-7.02733e-06 -0.00162704 0.000634483 0.000135374 -0.00044068 0.000882637 0.000677581 -0.00238467 -0.0011236 -0.000992898 -0.00210559 0.00144956 -0.00332242 0.000900246
internal_weight=1.50038e+06 425601 1.07478e+06 356921 203591 717861 527186 169899 255702 226259 130944 190674 38954.9 153330
internal_count=1932 984 948 380 243 568 392 483 501 454 373 176 110 137
is_linear=0
shrinkage=0.05


Tree=105
num_leaves=15
num_cat=0
split_feature=19 21 14 3 23 14 13 18 20 19 14 21 3 13
split_gain=593.738 63.47 50.5522 59.7862 75.5776 31.654 48.9405 21.7119 21.5348 24.6904 20.5722 15.0905 10.633 6.98241
threshold=302.50000000000006 195.50000000000003 108.71943312804022 18.500000000000004 -73.249999999999986 88.160100169390844 56.241235306854108 151.50000000000003 209.00000000000003 243.50000000000003 20.643866944427014 748.00000000000011 17.500000000000004 87.511361732331395
decision_type=2 2 2 2 2 2 2 2 2 2 2 2 2 2
left_child=1 7 5 4 -4 6 -2 10 -3 -10 -1 -7 -9 -5
right_child=2 8 3 13 -6 11 -8 12 9 -11 -12 -13 -14 -15
leaf_value=-0.0022043301477455398 0.00084907622124081249 -0.0019441384189260878 0.00074393833358136379 0.0012497362212745377 -0.0012208418822258838 0.00097400852726637016 -0.00055374539948734199 -0.0015260689175901039 -0.00032484540814047122 -0.0014294692287590317 -0.0044018261221453331 0.0016717664179497313 -0.0024676478260554622 0.00057180522871119982
leaf_weight=20757.929565429688 254981.04852294922 59421.411987304688 81917.178405761719 69103.282653808594 121583.97964477539 273089.92144775391 82217.399597167969 57191.667877197266 104114.21508789062 98397.293395996094 21910.616851806641 108206.47271728516 63116.596282958984 84364.614624023438
leaf_count=60 210 154 81 50 162 222 72 151 206 187 61 64 165 87
internal_value=-6.87576e-06 -0.00158927 0.000618323 0.000131982 -0.000429942 0.000859949 0.00050703 -0.00236398 -0.0011072 -0.000861588 -0.00333314 0.00117204 -0.00202013 0.000877094
internal_weight=1.50037e+06 424910 1.07546e+06 356969 203501 718495 337198 162977 261933 202512 42668.5 381296 120308 153468
internal_count=1932 984 948 380 243 568 282 437 547 393 121 286 316 137
is_linear=0
shrinkage=0.05


Tree=106
num_leaves=15
num_cat=0
split_feature=21 21 20 14 12 18 14 12 18 23 22 4 20 3
split_gain=565.392 56.1236 52.1364 47.6143 62.4749 20.8106 19.762 19.5691 17.3152 34.0673 16.3324 14.8725 11.6901 10.1736
threshold=301.00000000000006 195.50000000000003 681.00000000000011 124.70965275539184 709.00000000000011 151.50000000000003 20.643866944427014 351.1785714285715 692.50000000000011 5.0000000000000009 693.00000000000011 6.5000000000000009 209.00000000000003 17.500000000000004
decision_type=2 2 2 2 2 2 2 2 2 2 2 2 2 2
left_child=1 5 3 4 -2 6 -1 12 10 -10 -4 -5 -3 -7
right_child=2 7 8 11 -6 13 -8 -9 9 -11 -12 -13 -14 -15
leaf_value=-0.0021544143417869801 0.00068719499865868669 -0.0018996070719627081 0.0010136860704360871 -0.0013687405304630472 -0.00086578733180102006 -0.0014904825982520011 -0.0043117305815621437 -7.6413443984059371e-05 4.8181993249770834e-05 0.0012614671204411588 0.001960445232227053 -0.00011091727764660014 -0.0010702476970105913 -0.0024124034796779419
leaf_weight=20712.222686767578 491545.99487304688 59306.000457763672 122801.72906494141 46452.81201171875 74583.239135742188 57104.455871582031 21814.381866455078 38327.464660644531 103302.34692382812 131508.68493652344 72433.177612304688 47560.430816650391 149950.6916809082 62961.038330078125
leaf_count=60 469 154 101 60 62 151 61 70 77 95 47 56 304 165
internal_value=-6.72751e-06 -0.0015891 0.000588635 0.000309551 0.000482595 -0.00231082 -0.0032614 -0.0011151 0.00101703 0.000727709 0.00136498 -0.000732459 -0.00130534 -0.00197401
internal_weight=1.50036e+06 410176 1.09019e+06 660142 566129 162592 42526.6 247584 430046 234811 195235 94013.2 209257 120065
internal_count=1932 965 967 647 531 437 121 528 320 172 148 116 458 316
is_linear=0
shrinkage=0.05


Tree=107
num_leaves=15
num_cat=0
split_feature=19 21 14 3 23 12 3 18 20 19 14 20 18 13
split_gain=539.705 57.627 47.1384 56.8676 70.933 31.6836 55.5533 19.9432 19.443 23.8215 18.9797 10.2531 10.2244 6.32106
threshold=302.50000000000006 195.50000000000003 108.71943312804022 18.500000000000004 -73.249999999999986 620.76785714285722 6.5000000000000009 151.50000000000003 209.00000000000003 243.50000000000003 20.643866944427014 578.50000000000011 172.50000000000003 87.511361732331395
decision_type=2 2 2 2 2 2 2 2 2 2 2 2 2 2
left_child=1 7 5 4 -4 11 -7 10 -3 -10 -1 -2 -9 -5
right_child=2 8 3 13 -6 6 -8 12 9 -11 -12 -13 -14 -15
leaf_value=-0.0021055225074365241 0.00098554834683409957 -0.0018560120190543395 0.00070624316930805841 0.0011988027236293196 -0.0011967600390298237 -0.00044710028676192212 0.00086763430881102574 -0.0015182287554984524 -0.0002982933538484862 -0.0013841301633643684 -0.0042230939347270863 0.0017190345513129193 -0.0024486947789006735 0.00055422129587378167
leaf_weight=20667.648223876953 90283.261657714844 59193.450012207031 82038.110656738281 69238.519470214844 121460.07904052734 98833.419006347656 429510.58129882812 66957.993225097656 104001.51763916016 98206.999664306641 21720.526824951172 100949.90075683594 52870.747436523438 84423.060180664062
leaf_count=60 93 154 81 50 162 75 317 179 206 187 61 83 137 87
internal_value=-6.58101e-06 -0.00151845 0.000588237 0.000118654 -0.000429586 0.00082131 0.000621695 -0.00225874 -0.00105902 -0.000825675 -0.00319098 0.00137278 -0.00192885 0.000844693
internal_weight=1.50036e+06 423619 1.07674e+06 357160 203498 719577 528344 162217 261402 202209 42388.2 191233 119829 153662
internal_count=1932 984 948 380 243 568 392 437 547 393 121 176 316 137
is_linear=0
shrinkage=0.05


Tree=108
num_leaves=15
num_cat=0
split_feature=19 14 20 14 12 19 23 18 15 22 21 21 3 14
split_gain=513.733 55.6372 46.9883 50.9489 72.2621 49.6208 17.3207 16.4418 33.3515 15.2618 13.9262 27.311 11.0455 8.54553
threshold=302.50000000000006 28.528408153141772 681.00000000000011 117.51647914667284 709.00000000000011 571.00000000000011 7.8750000000000009 692.50000000000011 594.50000000000011 693.00000000000011 317.00000000000006 301.00000000000006 24.500000000000004 18.075622178739405
decision_type=2 2 2 2 2 2 2 2 2 2 2 2 2 2
left_child=1 6 3 4 -2 -5 12 9 -9 -4 11 -3 -1 -8
right_child=2 10 7 5 -6 -7 13 8 -10 -11 -12 -13 -14 -15
leaf_value=-0.0022136230817963991 0.00083807586069427039 -0.0010838799566642327 0.00097711746252819955 -0.0011414863314429934 -0.00085749273221855473 0.00058162823928185599 -0.0023256949879571259 -0.00010348555818398072 0.0011396226410034958 0.0018913374958092158 -0.0020413009665013779 0.00062642234009693473 -0.0012072829358635573 -0.0038181491029763144
leaf_weight=90842.783508300781 399625.25936889648 198777.19827270508 122975.75085449219 101471.17422485352 74557.429077148438 71018.742919921875 18107.1171875 83884.962158203125 151216.98010253906 72620.525146484375 29331.905456542969 26443.847961425781 38992.125244140625 20481.395751953125
leaf_count=262 370 405 101 137 62 59 52 67 105 47 47 49 111 58
internal_value=-6.43845e-06 -0.00148304 0.000573282 0.000303798 0.000571469 -0.000432037 -0.00218803 0.000977891 0.000696086 0.00131659 -0.00101656 -0.000883059 -0.00191146 -0.00311823
internal_weight=1.50035e+06 422976 1.07737e+06 646673 474183 172490 168423 430698 235102 195596 254553 225221 129835 38588.5
internal_count=1932 984 948 628 432 196 483 320 172 148 501 454 373 110
is_linear=0
shrinkage=0.05


Tree=109
num_leaves=15
num_cat=0
split_feature=19 21 20 14 12 19 18 14 20 19 18 23 14 1
split_gain=489.001 53.8692 44.6003 48.429 68.6805 47.2349 19.1582 18.2874 17.9432 23.1161 15.5881 32.4126 14.9992 9.9537
threshold=302.50000000000006 195.50000000000003 681.00000000000011 117.51647914667284 709.00000000000011 571.00000000000011 151.50000000000003 20.643866944427014 209.00000000000003 243.50000000000003 692.50000000000011 5.0000000000000009 100.42875063470116 5.5000000000000009
decision_type=2 2 2 2 2 2 2 2 2 2 2 2 2 2
left_child=1 6 3 4 -2 -5 7 -1 -3 -10 12 -12 -4 -8
right_child=2 8 10 5 -6 -7 13 -9 9 -11 11 -13 -14 -15
leaf_value=-0.0020149695422098978 0.00081657394967888329 -0.0017711399203552925 0.0017412320304018754 -0.0011144329547218535 -0.00083692967543463534 0.00056685388157708464 -0.0021084722921898033 -0.0040987030726019951 -0.00025989046338518453 -0.0013305633079457725 1.5770968608435453e-05 0.0011981580625550583 0.00086503318558497693 -0.0010592625503842944
leaf_weight=20585.595397949219 399960.31530761719 58975.552551269531 93237.155029296875 101355.41241455078 74493.524597167969 71060.061462402344 89060.550109863281 21590.166229248047 103838.95138549805 97983.118957519531 103437.11334228516 131828.57653808594 102616.82000732422 30315.831085205078
leaf_count=60 370 154 58 137 62 59 236 61 206 187 77 95 90 80
internal_value=-6.29863e-06 -0.00144841 0.000558715 0.000296155 0.000556953 -0.000421504 -0.00216587 -0.00308201 -0.00100394 -0.000779714 0.000952663 0.00067832 0.00128219 -0.00184208
internal_weight=1.50034e+06 422350 1.07799e+06 646869 474454 172415 161552 42175.8 260798 201822 431120 235266 195854 119376
internal_count=1932 984 948 628 432 196 437 121 547 393 320 172 148 316
is_linear=0
shrinkage=0.05


Tree=110
num_leaves=13
num_cat=0
split_feature=21 21 20 3 14 15 18 14 3 3 3 20
split_gain=466.112 47.5732 44.7196 42.8678 49.6814 18.7207 18.3512 17.554 15.3733 20.7634 9.94348 9.6755
threshold=301.00000000000006 195.50000000000003 681.00000000000011 4.5000000000000009 124.70965275539184 241.00000000000003 151.50000000000003 20.643866944427014 6.5000000000000009 14.500000000000002 17.500000000000004 209.00000000000003
decision_type=2 2 2 2 2 2 2 2 2 2 2 2
left_child=1 6 3 -2 -5 11 7 -1 -4 -10 -8 -3
right_child=2 5 8 4 -6 -7 10 -9 9 -11 -12 -13
leaf_value=-0.0019689642752788914 -0.00098535355640377571 -0.0017302680730671349 0.00039620902048010694 0.00059030535615383229 -0.00070012599257410462 8.5751898450698021e-05 -0.0013200365328892433 -0.004013580065979498 0.001671860121373386 0.00082108762617800254 -0.0022348740661328947 -0.00097662708470039263
leaf_weight=20544.157928466797 61324.831848144531 58871.190856933594 103328.21502685547 512471.66156005859 87287.573669433594 33547.790466308594 56690.402252197266 21501.855804443359 105874.67065429688 222327.7529296875 62466.299285888672 154094.07125854492
leaf_count=60 72 154 78 469 106 62 151 61 84 158 165 312
internal_value=-6.16173e-06 -0.00144885 0.000532191 0.000273746 0.000402495 -0.00101206 -0.00211674 -0.00301491 0.000928109 0.00109556 -0.0017997 -0.001185
internal_weight=1.50033e+06 407716 1.09261e+06 661084 599759 246513 161203 42046 431531 328202 119157 212965
internal_count=1932 965 967 647 575 528 437 121 320 242 316 466
is_linear=0
shrinkage=0.05


Tree=111
num_leaves=15
num_cat=0
split_feature=19 16 14 3 23 12 4 23 21 21 23 16 22 21
split_gain=444.049 49.3163 40.9354 56.4109 60.7597 41.1484 54.5292 21.1763 16.6263 21.8068 16.3208 11.6513 9.20472 6.54493
threshold=302.50000000000006 238.50000000000003 104.77764573544304 18.500000000000004 -73.249999999999986 620.76785714285722 6.5000000000000009 14.125000000000002 317.00000000000006 301.00000000000006 7.8750000000000009 180.50000000000003 168.62500000000003 570.50000000000011
decision_type=2 2 2 2 2 2 2 2 2 2 2 2 2 2
left_child=1 10 5 4 -4 7 -7 -2 9 -3 11 -1 -12 -5
right_child=2 8 3 13 -6 6 -8 -9 -10 -11 12 -13 -14 -15
leaf_value=-0.0023177176219931687 0.002055869598294039 -0.00090968015649427734 0.00060738412989629314 0.0011858248612891943 -0.0010878617458474832 0.00096280351704096248 -7.4612953299990661e-05 0.00089794140925541924 -0.0019754912033015915 0.00063757923128545909 -0.0020365998648374894 -0.0013879668642003626 -0.0034144050605417163 0.00055367362172770043
leaf_weight=50278.803833007812 78297.786376953125 164314.77966308594 88336.158569335938 67599.161193847656 131579.82141113281 320232.73059082031 209552.37200927734 79674.562744140625 29247.426300048828 26432.261138916016 23562.319946289062 102294.43167114258 25040.1728515625 103879.44573974609
leaf_count=148 68 321 88 61 173 210 182 74 47 49 68 282 69 92
internal_value=-6.02538e-06 -0.00138293 0.000531354 0.000123137 -0.000406915 0.000763662 0.000552465 0.00147191 -0.000865504 -0.000695262 -0.00194871 -0.00169442 -0.00274673 0.000802903
internal_weight=1.50032e+06 421170 1.07915e+06 391395 219916 687757 529785 157972 219994 190747 201176 152573 48602.5 171479
internal_count=1932 984 948 414 261 534 392 142 417 370 567 430 137 153
is_linear=0
shrinkage=0.05


Tree=112
num_leaves=13
num_cat=0
split_feature=21 21 20 12 14 21 1 15 18 15 3 21
split_gain=422.682 44.0217 41.8502 41.5686 53.2305 18.1211 26.2031 17.7889 14.8733 30.4571 14.2483 9.96788
threshold=301.00000000000006 195.50000000000003 681.00000000000011 716.76785714285722 117.51647914667284 138.50000000000003 5.5000000000000009 241.00000000000003 692.50000000000011 594.50000000000011 14.500000000000002 234.50000000000003
decision_type=2 2 2 2 2 2 2 2 2 2 2 2
left_child=1 5 3 4 -2 -1 -7 11 10 -10 -4 -3
right_child=2 7 8 -5 -6 6 -8 -9 9 -11 -12 -13
leaf_value=-0.00076032636352458638 0.00066667148654329738 -0.00077982313921424356 0.0016742979928219348 -0.0010841567570812458 -0.00037190428977180529 -0.0026182598683571158 -0.00094866374757215021 0.00010849776691970811 -0.00014305106211922011 0.0010434925299968839 0.00081927306484491603 -0.0014650286556044216
leaf_weight=24038.739562988281 436331.681640625 103619.59124755859 89699.955627441406 53219.299682617188 172006.41055297852 106349.85879516602 30175.405944824219 33517.186798095703 84019.416564941406 151778.84423828125 106698.35803222656 108859.53558349609
leaf_count=70 411 246 74 45 191 287 80 62 67 105 74 220
internal_value=-5.89391e-06 -0.00138241 0.000505775 0.000255785 0.000373016 -0.0020264 -0.00224929 -0.000962033 0.000888422 0.00062071 0.00120982 -0.0011309
internal_weight=1.50031e+06 406560 1.09375e+06 661557 608338 160564 136525 245996 432197 235798 196398 212479
internal_count=1932 965 967 647 602 437 367 528 320 172 148 466
is_linear=0
shrinkage=0.05


Tree=113
num_leaves=15
num_cat=0
split_feature=19 14 14 3 23 12 4 23 23 21 21 3 14 21
split_gain=403.764 45.744 37.7957 54.2771 56.6355 38.9232 51.4315 19.7523 16.0784 14.164 22.911 11.0445 8.22582 6.21128
threshold=302.50000000000006 28.528408153141772 104.77764573544304 18.500000000000004 -73.249999999999986 620.76785714285722 6.5000000000000009 14.125000000000002 7.8750000000000009 317.00000000000006 301.00000000000006 24.500000000000004 18.075622178739405 570.50000000000011
decision_type=2 2 2 2 2 2 2 2 2 2 2 2 2 2
left_child=1 8 5 4 -4 7 -7 -2 11 10 -3 -1 -10 -5
right_child=2 9 3 13 -6 6 -8 -9 12 -11 -12 -13 -14 -15
leaf_value=-0.0020002490425789893 0.001979743799005809 -0.00094767123767494762 0.00057153245055728281 0.0011525885210900433 -0.0010647981947175891 0.0009214196850133666 -8.564373794250267e-05 0.00086260714717462247 -0.0020844731151934185 -0.0019335694574486113 0.00061913807694850636 -0.00098936045973970843 -0.0035569495036745303 0.00053707924558160072
leaf_weight=89993.664825439453 78520.132629394531 197643.4440612793 88460.846923828125 67685.641052246094 131452.11697387695 320747.38232421875 209645.79357910156 79784.145751953125 17915.027526855469 29193.865570068359 26451.418548583984 38635.648895263672 20229.846008300781 103947.40570068359
leaf_count=262 68 405 88 61 173 210 182 74 52 47 49 111 58 92
internal_value=-5.76312e-06 -0.00132112 0.00050573 0.000113487 -0.00040658 0.000728731 0.000523366 0.00141676 -0.00196414 -0.000897707 -0.000762721 -0.00169666 -0.00286575 0.00077984
internal_weight=1.50031e+06 420063 1.08024e+06 391546 219913 688697 530393 158304 166774 253289 224095 128629 38144.9 171633
internal_count=1932 984 948 414 261 534 392 142 483 501 454 373 110 153
is_linear=0
shrinkage=0.05


Tree=114
num_leaves=10
num_cat=0
split_feature=21 15 22 19 3 12 20 21 3
split_gain=384.466 65.5608 48.8585 77.4448 36.1041 90.2588 30.7636 26.1049 15.9386
threshold=357.50000000000006 273.50000000000006 298.87500000000006 302.50000000000006 6.5000000000000009 709.00000000000011 658.00000000000011 570.50000000000011 10.500000000000002
decision_type=2 2 2 2 2 2 2 2 2
left_child=1 2 3 -1 5 -2 7 -6 -8
right_child=4 -3 -4 -5 6 -7 8 -9 -10
leaf_value=-0.0013426961497397783 0.00071158519554511063 0.0013828367952448373 -0.0029917665863217128 0.0011094449653265977 0.00083452446887941057 -0.0016634739972263648 0.0016212039414020823 5.6241276073811007e-05 0.00084167737306926481
leaf_weight=387710.4853515625 117276.64788818359 24043.297332763672 38852.830871582031 35111.461395263672 191398.89794921875 60702.865173339844 82755.204467773438 246499.66967773438 315947.38958740234
leaf_count=934 99 27 65 63 180 54 63 217 230
internal_value=-5.63682e-06 -0.00116244 -0.00129501 -0.00113906 0.000548171 -9.84921e-05 0.000685742 0.000396423 0.0010035
internal_weight=1.5003e+06 485718 461675 422822 1.01458e+06 177980 836601 437899 398703
internal_count=1932 1089 1062 997 843 153 690 397 293
is_linear=0
shrinkage=0.05


Tree=115
num_leaves=14
num_cat=0
split_feature=21 21 20 12 14 18 14 12 18 23 14 11 3
split_gain=366.695 40.6653 37.7006 39.2229 48.5293 17.7349 16.7286 16.3557 13.8694 30.3599 13.5477 11.8286 9.77485
threshold=301.00000000000006 195.50000000000003 681.00000000000011 716.76785714285722 117.51647914667284 151.50000000000003 20.643866944427014 351.1785714285715 692.50000000000011 5.0000000000000009 95.91867731484443 331.96428571428572 17.500000000000004
decision_type=2 2 2 2 2 2 2 2 2 2 2 2 2
left_child=1 5 3 4 -2 6 -1 11 10 -10 -4 -3 -7
right_child=2 7 8 -5 -6 12 -8 -9 9 -11 -12 -13 -14
leaf_value=-0.0017745403618272476 0.00062626004718222125 -0.00087212095145813384 0.0015943175577583979 -0.001069522707271633 -0.00036526712340376606 -0.0011214098805027149 -0.0037801913055638108 6.5336940297078182e-05 -6.6194032582919703e-05 0.0010758962648797601 0.00076172885865935253 -0.0018148465508800301 -0.0020323327471383945
leaf_weight=20370.863616943359 437024.38034057617 165457.82373046875 90022.7890625 53186.517150878906 171959.74417114258 56215.403198242188 21263.390991210938 38109.199157714844 103779.50439453125 132450.7763671875 106885.31365966797 41654.281158447266 61911.267730712891
leaf_count=60 411 375 55 45 191 151 61 70 77 95 93 83 165
internal_value=-5.51289e-06 -0.00129104 0.000469805 0.000232554 0.00034628 -0.00191178 -0.00279919 -0.000886604 0.000832503 0.000574168 0.0011424 -0.00106176 -0.0015989
internal_weight=1.50029e+06 404982 1.09531e+06 662171 608984 159761 41634.3 245221 433138 236230 196908 207112 118127
internal_count=1932 965 967 647 602 437 121 528 320 172 148 458 316
is_linear=0
shrinkage=0.05


Tree=116
num_leaves=15
num_cat=0
split_feature=19 16 14 3 23 12 4 23 21 21 23 16 22 21
split_gain=349.531 42.2154 34.2747 51.2193 52.7664 36.1615 47.854 18.4639 16.7616 18.3955 14.9572 10.4578 8.85231 5.58637
threshold=302.50000000000006 238.50000000000003 104.77764573544304 18.500000000000004 -73.249999999999986 620.76785714285722 6.5000000000000009 14.125000000000002 317.00000000000006 301.00000000000006 7.8750000000000009 180.50000000000003 168.62500000000003 570.50000000000011
decision_type=2 2 2 2 2 2 2 2 2 2 2 2 2 2
left_child=1 10 5 4 -4 7 -7 -2 9 -3 11 -1 -12 -5
right_child=2 8 3 13 -6 6 -8 -9 -10 -11 12 -13 -14 -15
leaf_value=-0.0021078116208085641 0.0018867018003538702 -0.00077961057908032408 0.00053340938339066751 0.0010954842537742773 -0.0010455881884718977 0.00086687520342125827 -0.00010390773350947628 0.00080812933516344592 -0.0018700778015699497 0.00064212211787837271 -0.0018272038961495538 -0.0012232262159151722 -0.0031849332797258437 0.00051225924573003283
leaf_weight=49814.270385742188 78793.605712890625 163426.07641601562 88593.821166992188 67834.742248535156 131345.93969726562 321428.23229980469 209800.65942382812 79953.691589355469 29113.118499755859 26427.545928955078 23347.778045654297 101580.50964355469 24774.645751953125 104049.21899414062
leaf_count=148 68 321 88 61 173 210 182 74 47 49 68 282 69 92
internal_value=-5.39047e-06 -0.00123243 0.00046928 9.58086e-05 -0.000409555 0.000681364 0.000483482 0.00134352 -0.000753032 -0.000581694 -0.00175852 -0.00151435 -0.00252646 0.000742457
internal_weight=1.50028e+06 418484 1.0818e+06 391824 219940 689976 531229 158747 218967 189854 199517 151395 48122.4 171884
internal_count=1932 984 948 414 261 534 392 142 417 370 567 430 137 153
is_linear=0
shrinkage=0.05


Tree=117
num_leaves=10
num_cat=0
split_feature=21 15 22 19 3 12 20 14 3
split_gain=333.56 60.0457 48.2633 70.7353 34.0281 84.8299 27.7702 24.3073 15.3896
threshold=357.50000000000006 273.50000000000006 298.87500000000006 302.50000000000006 6.5000000000000009 709.00000000000011 658.00000000000011 117.51647914667284 26.500000000000004
decision_type=2 2 2 2 2 2 2 2 2
left_child=1 2 3 -1 5 -2 7 -6 -8
right_child=4 -3 -4 -5 6 -7 8 -9 -10
leaf_value=-0.001252921793101904 0.00066561984462772876 0.0013486257300631274 -0.0029026114904342291 0.0010901622231137709 0.00058646973330097447 -0.0016370629753671433 0.00110427337309234 -0.00026633020109293197 0.00034270978624935459
leaf_weight=386234.13507080078 117488.09869384766 24074.725280761719 38694.831909179688 35137.586029052734 326049.03668212891 60633.731811523438 315623.50891113281 112344.76196289062 83996.268310546875
leaf_count=934 99 27 65 63 289 54 245 108 48
internal_value=-5.27176e-06 -0.00108536 -0.00121274 -0.00105752 0.000509342 -0.000118251 0.000642739 0.000367927 0.000944206
internal_weight=1.50028e+06 484141 460067 421372 1.01614e+06 178122 838014 438394 399620
internal_count=1932 1089 1062 997 843 153 690 397 293
is_linear=0
shrinkage=0.05


Tree=118
num_leaves=13
num_cat=0
split_feature=21 21 20 12 14 21 1 15 18 23 14 21
split_gain=318.083 37.1956 33.9452 37.5501 43.6152 17.5312 24.698 15.072 13.0285 28.8174 12.8128 10.4342
threshold=301.00000000000006 195.50000000000003 681.00000000000011 716.76785714285722 122.66312220884193 138.50000000000003 5.5000000000000009 241.00000000000003 692.50000000000011 5.0000000000000009 95.91867731484443 234.50000000000003
decision_type=2 2 2 2 2 2 2 2 2 2 2 2
left_child=1 5 3 4 -2 -1 -7 11 10 -10 -4 -3
right_child=2 7 8 -5 -6 6 -8 -9 9 -11 -12 -13
leaf_value=-0.0005502225564307467 0.00055779980422356425 -0.00061407393334880973 0.0015188996875285406 -0.0010629128960845274 -0.00043769474783021548 -0.0023816767491337426 -0.0007537383311240712 0.00016797107271542715 -9.3721744971703594e-05 0.0010180830350207746 0.00071021233716538296 -0.0013174118056556519
leaf_weight=23830.672088623047 465479.36785888672 102910.2978515625 90280.482055664062 53171.724731445312 144080.66625976562 105228.94714355469 29931.052520751953 33437.430786132812 103895.00408935547 132747.04455566406 107100.92706298828 108176.03948974609
leaf_count=70 443 246 55 45 159 287 80 62 77 95 93 220
internal_value=-5.15543e-06 -0.00120542 0.000436446 0.000211335 0.000322495 -0.00180075 -0.00202121 -0.000818305 0.000780173 0.000529966 0.00108013 -0.000974538
internal_weight=1.50027e+06 403514 1.09676e+06 662732 609560 158991 135160 244524 434023 236642 197381 211086
internal_count=1932 965 967 647 602 437 367 528 320 172 148 466
is_linear=0
shrinkage=0.05


Tree=119
num_leaves=10
num_cat=0
split_feature=21 15 22 19 3 12 1 14 10
split_gain=303.127 55.9698 47.3977 66.2592 32.5525 79.92 26.1598 28.7935 10.0229
threshold=357.50000000000006 273.50000000000006 298.87500000000006 302.50000000000006 6.5000000000000009 709.00000000000011 1.5000000000000002 104.77764573544304 646.42857142857156
decision_type=2 2 2 2 2 2 2 2 2
left_child=1 2 3 -1 5 -2 8 -8 -6
right_child=4 -3 -4 -5 6 -7 7 -9 -10
leaf_value=-0.0011952714869982342 0.00063069371313777159 0.001311810331467495 -0.0028367958597172037 0.0010719667146502465 0.001431872350711878 -0.0016048593444259269 0.0007300343828967209 3.9753275098777834e-05 0.00073914664444522764
leaf_weight=385291.98419189453 117649.27471923828 24108.637329101562 38579.017211914062 35162.273559570312 108842.80895996094 60549.6494140625 378058.14916992188 251616.37921142578 100404.50146484375
leaf_count=934 99 27 65 63 90 54 287 242 71
internal_value=-5.03998e-06 -0.00103625 -0.00115958 -0.00100565 0.000484795 -0.000128942 0.000615161 0.000454202 0.0010995
internal_weight=1.50026e+06 483142 459033 420454 1.01712e+06 178199 838922 629675 209247
internal_count=1932 1089 1062 997 843 153 690 529 161
is_linear=0
shrinkage=0.05


end of trees

feature_importances:
target_day_of_month=228
std28=178
target_month=148
weekday_lag4=136
weekday_lag3=131
weekday_lag2=121
target_weekday=113
weekday_mean4=107
weekday_lag1=72
weekday_trend=72
mean28=64
std7=63
min7=61
max7=16
mean14=12
category=10
origin_lag7=7
recent_trend=3
mean7=1

parameters:
[boosting: gbdt]
[objective: poisson]
[metric: poisson]
[tree_learner: serial]
[device_type: cpu]
[data_sample_strategy: bagging]
[data: ]
[valid: ]
[num_iterations: 120]
[learning_rate: 0.05]
[num_leaves: 15]
[num_threads: 1]
[seed: 42]
[deterministic: 1]
[force_col_wise: 1]
[force_row_wise: 0]
[histogram_pool_size: -1]
[max_depth: 4]
[min_data_in_leaf: 50]
[min_sum_hessian_in_leaf: 0.001]
[bagging_fraction: 1]
[pos_bagging_fraction: 1]
[neg_bagging_fraction: 1]
[bagging_freq: 0]
[bagging_seed: 400]
[bagging_by_query: 0]
[feature_fraction: 1]
[feature_fraction_bynode: 1]
[feature_fraction_seed: 30056]
[extra_trees: 0]
[extra_seed: 12879]
[early_stopping_round: 0]
[early_stopping_min_delta: 0]
[first_metric_only: 0]
[max_delta_step: 0]
[lambda_l1: 0]
[lambda_l2: 5]
[linear_lambda: 0]
[min_gain_to_split: 0]
[drop_rate: 0.1]
[max_drop: 50]
[skip_drop: 0.5]
[xgboost_dart_mode: 0]
[uniform_drop: 0]
[drop_seed: 17869]
[top_rate: 0.2]
[other_rate: 0.1]
[min_data_per_group: 100]
[max_cat_threshold: 32]
[cat_l2: 10]
[cat_smooth: 10]
[max_cat_to_onehot: 4]
[top_k: 20]
[monotone_constraints: ]
[monotone_constraints_method: basic]
[monotone_penalty: 0]
[feature_contri: ]
[forcedsplits_filename: ]
[refit_decay_rate: 0.9]
[cegb_tradeoff: 1]
[cegb_penalty_split: 0]
[cegb_penalty_feature_lazy: ]
[cegb_penalty_feature_coupled: ]
[path_smooth: 0]
[interaction_constraints: ]
[verbosity: -1]
[saved_feature_importance_type: 0]
[use_quantized_grad: 0]
[num_grad_quant_bins: 4]
[quant_train_renew_leaf: 0]
[stochastic_rounding: 1]
[linear_tree: 0]
[max_bin: 31]
[max_bin_by_feature: ]
[min_data_in_bin: 3]
[bin_construct_sample_cnt: 200000]
[data_random_seed: 175]
[is_enable_sparse: 1]
[enable_bundle: 1]
[use_missing: 1]
[zero_as_missing: 0]
[feature_pre_filter: 1]
[pre_partition: 0]
[two_round: 0]
[header: 0]
[label_column: ]
[weight_column: ]
[group_column: ]
[ignore_column: ]
[categorical_feature: 24,25]
[forcedbins_filename: ]
[precise_float_parser: 0]
[parser_config_file: ]
[objective_seed: 16083]
[num_class: 1]
[is_unbalance: 0]
[scale_pos_weight: 1]
[sigmoid: 1]
[boost_from_average: 1]
[reg_sqrt: 0]
[alpha: 0.9]
[fair_c: 1]
[poisson_max_delta_step: 0.7]
[tweedie_variance_power: 1.5]
[lambdarank_truncation_level: 30]
[lambdarank_norm: 1]
[label_gain: ]
[lambdarank_position_bias_regularization: 0]
[eval_at: ]
[multi_error_top_k: 1]
[auc_mu_weights: ]
[num_machines: 1]
[local_listen_port: 12400]
[time_out: 120]
[machine_list_filename: ]
[machines: ]
[gpu_platform_id: -1]
[gpu_device_id: -1]
[gpu_use_dp: 0]
[num_gpu: 1]

end of parameters

pandas_categorical:[["Blocked Driveway", "Illegal Parking", "Noise - Residential"], ["BROOKLYN"]]
